Workbook
Name a: #REF!
Name Ajuste_porcen: #REF!
Name Ajustes: #REF!
Name Año_ocupacion_of: #REF!
Name Año_ocupacion_viv: #REF!
Name CuentaUS: '[1]U$S'!$F$5:$Q$1008
Name CuentaUS2: #REF!
Name CuentaUY: '[1]UY$'!$E$5:$O$993
Name d: #REF!
Name fecha_fin: #REF!
Name fecha_inicio: #REF!
Name Fin_obra_of: #REF!
Name Fin_obra_viv: #REF!
Name m2_alquiler_of: #REF!
Name m2_alquiler_viv: #REF!
Name m2_comerciales_of: #REF!
Name m2_comerciales_viv: #REF!
Name m2_mixto_of: #REF!
Name m2_mixto_viv: #REF!
Name m2_oficinas_of: #REF!
Name m2_oficinas_viv: #REF!
Name m2_totales: #REF!
Name m2_totales_of: #REF!
Name m2_totales_viv: #REF!
Name m2_venta_of: #REF!
Name m2_venta_viv: #REF!
Name m2_vivienda_of: #REF!
Name m2_vivienda_viv: #REF!
Name Ocupacion_an_of: #REF!
Name Ocupacion_an_viv: #REF!
Name US: #REF!

Sheet Efecto TC
B1: Efecto Tipo de Cambio | H1: Resultado Actual | I1: =+H1001+H1005 -> -405618.74
C2: Tipo de Cambio Referencia | F2: 42 | H2: Proyectado | I2: =+L32 -> -185575.32
C3: Tipo de Cambio Proyectado | F3: 42 | H3: Total | I3: =I1+I2 -> -591194.06
C4: Tipo de Cambio Ponderado | F4: =+E1003 -> 39.998222
D5: Fecha | E5: Importe U$S | F5: Importe $ | G5: Tipo de cambio | H5: Efecto Tipo de Cambio | I5: Acumulado | K5: Busqueda | L5: Cambio
A6: =MONTH(D6) -> 11 | B6: =YEAR(D6) -> 2023 | D6: {=IF(ROWS($D6:D$7)>COUNTIF('[1]U$S'!$H$5:$H$1008,$L$5),"",INDEX(CuentaUS,_xlfn.AGGREGATE(15,6,ROW('[1]U$S'!$H$5:$H$1008)-ROW('[1]U$S'!$O$5)+1/--('[1]U$S'!$H$5:$H$1008=$L$5),ROWS($D6:D$7)),1))} -> 45250 | E6: {=IF(ROWS($E6:E$7)>COUNTIF('[1]U$S'!$H$5:$H$1008,$L$5),"",INDEX(CuentaUS,_xlfn.AGGREGATE(15,6,ROW('[1]U$S'!$H$5:$H$1008)-ROW('[1]U$S'!$O$5)+1/--('[1]U$S'!$H$5:$H$1008=$L$5),ROWS($E6:E$7)),6))} -> 2297.67 | F6: =IF(E6="","",IF(E6>0,SUMIFS('[1]UY$'!$L$5:$L$993,'[1]UY$'!$O$5:$O$993,"Cambio",'[1]UY$'!$E$5:$E$993,'Efecto TC'!D6),"")) -> 90000 | G6: =IF(F6="","",F6/E6) -> 39.170116 | H6: =IF(E6="","",F6/$F$2-F6/G6) -> -154.81286 | I6: =+H6 -> -154.81286 | Q6: Mes | R6: =E6/$E$1001 -> 0.00026998289 | S6: =R6*G6 -> 0.010575261 | T6: =MONTH(T8) -> 11 | U6: =MONTH(U8) -> 12 | V6: =MONTH(V8) -> 1 | W6: =MONTH(W8) -> 2 | X6: =MONTH(X8) -> 3 | Y6: =MONTH(Y8) -> 4 | Z6: =MONTH(Z8) -> 5 | AA6: =MONTH(AA8) -> 6 | ... AY6: =MONTH(AY8) -> 6
A7: =MONTH(D7) -> 11 | B7: =YEAR(D7) -> 2023 | D7: {=IF(ROWS($D$7:D7)>COUNTIF('[1]U$S'!$H$5:$H$1008,$L$5),"",INDEX(CuentaUS,_xlfn.AGGREGATE(15,6,ROW('[1]U$S'!$H$5:$H$1008)-ROW('[1]U$S'!$O$5)+1/--('[1]U$S'!$H$5:$H$1008=$L$5),ROWS($D$7:D7)),1))} -> 45239 | E7: {=IF(ROWS($E$7:E7)>COUNTIF('[1]U$S'!$H$5:$H$1008,$L$5),"",INDEX(CuentaUS,_xlfn.AGGREGATE(15,6,ROW('[1]U$S'!$H$5:$H$1008)-ROW('[1]U$S'!$O$5)+1/--('[1]U$S'!$H$5:$H$1008=$L$5),ROWS($E$7:E7)),6))} -> 3780.24 | F7: =IF(E7="","",IF(E7>0,SUMIFS('[1]UY$'!$L$5:$L$993,'[1]UY$'!$O$5:$O$993,"Cambio",'[1]UY$'!$E$5:$E$993,'Efecto TC'!D7),"")) -> 150000 | G7: =IF(F7="","",F7/E7) -> 39.68002 | H7: =IF(E7="","",F7/$F$2-F7/G7) -> -208.81143 | I7: =IF(H7="","",+H7+I6) -> -363.62429 | Q7: Año | R7: =E7/$E$1001 -> 0.00044418916 | S7: =R7*G7 -> 0.017625435 | T7: =YEAR(T8) -> 2023 | U7: =YEAR(U8) -> 2023 | V7: =YEAR(V8) -> 2024 | W7: =YEAR(W8) -> 2024 | X7: =YEAR(X8) -> 2024 | Y7: =YEAR(Y8) -> 2024 | Z7: =YEAR(Z8) -> 2024 | AA7: =YEAR(AA8) -> 2024 | ... AY7: =YEAR(AY8) -> 2026
A8: =MONTH(D8) -> 11 | B8: =YEAR(D8) -> 2023 | D8: {=IF(ROWS($D$7:D8)>COUNTIF('[1]U$S'!$H$5:$H$1008,$L$5),"",INDEX(CuentaUS,_xlfn.AGGREGATE(15,6,ROW('[1]U$S'!$H$5:$H$1008)-ROW('[1]U$S'!$O$5)+1/--('[1]U$S'!$H$5:$H$1008=$L$5),ROWS($D$7:D8)),1))} -> 45250 | E8: {=IF(ROWS($E$7:E8)>COUNTIF('[1]U$S'!$H$5:$H$1008,$L$5),"",INDEX(CuentaUS,_xlfn.AGGREGATE(15,6,ROW('[1]U$S'!$H$5:$H$1008)-ROW('[1]U$S'!$O$5)+1/--('[1]U$S'!$H$5:$H$1008=$L$5),ROWS($E$7:E8)),6))} -> 2297.67 | F8: =IF(E8="","",IF(E8>0,SUMIFS('[1]UY$'!$L$5:$L$993,'[1]UY$'!$O$5:$O$993,"Cambio",'[1]UY$'!$E$5:$E$993,'Efecto TC'!D8),"")) -> 90000 | G8: =IF(F8="","",F8/E8) -> 39.170116 | H8: =IF(E8="","",F8/$F$2-F8/G8) -> -154.81286 | I8: =IF(H8="","",+H8+I7) -> -518.43714 | K8: Pesos Obra total | R8: =E8/$E$1001 -> 0.00026998289 | S8: =R8*G8 -> 0.010575261 | T8: 45231 | U8: 45261 | V8: 45292 | W8: 45323 | X8: 45352 | Y8: 45383 | Z8: 45413 | AA8: 45444 | AB8: 45474 | AC8: 45505 | AD8: 45536 | AE8: 45566 | AF8: 45597 | AG8: 45627 | AH8: 45658 | AI8: 45689 | AJ8: 45717 | AK8: 45748 | AL8: 45778 | AM8: 45809 | AN8: 45839 | AO8: 45870 | AP8: 45901 | AQ8: 45931 | AR8: 45962 | AS8: 45992 | AT8: 46023 | AU8: 46054 | AV8: 46082 | AW8: 46113 | AX8: 46143 | AY8: 46174
A9: =MONTH(D9) -> 11 | B9: =YEAR(D9) -> 2023 | D9: {=IF(ROWS($D$7:D9)>COUNTIF('[1]U$S'!$H$5:$H$1008,$L$5),"",INDEX(CuentaUS,_xlfn.AGGREGATE(15,6,ROW('[1]U$S'!$H$5:$H$1008)-ROW('[1]U$S'!$O$5)+1/--('[1]U$S'!$H$5:$H$1008=$L$5),ROWS($D$7:D9)),1))} -> 45258 | E9: {=IF(ROWS($E$7:E9)>COUNTIF('[1]U$S'!$H$5:$H$1008,$L$5),"",INDEX(CuentaUS,_xlfn.AGGREGATE(15,6,ROW('[1]U$S'!$H$5:$H$1008)-ROW('[1]U$S'!$O$5)+1/--('[1]U$S'!$H$5:$H$1008=$L$5),ROWS($E$7:E9)),6))} -> 5726.07 | F9: =IF(E9="","",IF(E9>0,SUMIFS('[1]UY$'!$L$5:$L$993,'[1]UY$'!$O$5:$O$993,"Cambio",'[1]UY$'!$E$5:$E$993,'Efecto TC'!D9),"")) -> 222000 | G9: =IF(F9="","",F9/E9) -> 38.770046 | H9: =IF(E9="","",F9/$F$2-F9/G9) -> -440.35571 | I9: =IF(H9="","",+H9+I8) -> -958.79286 | R9: =E9/$E$1001 -> 0.00067282983 | S9: =R9*G9 -> 0.026085644 | T9: =SUM(H6:H9) -> -958.79286 | U9: =+H10+H11 -> -782.55048 | X9: =+H12+H13+H14+H15 -> -5656.32 | Y9: =+H16 -> -2680.5362 | AB9: =SUM(H17:H20) -> -1805.8905 | AC9: =SUM(H21:H24) -> -822.31429 | AD9: =SUM(H25:H27) -> -102.65762 | AE9: =SUM(H28:H30) -> -83.272381 | AF9: =SUM(H31:H34) -> 962.73381 | AG9: =SUM(H35:H38) -> 5574.551 | AH9: =SUM(H39:H44) -> 531.3319 | AI9: =SUM(H45:H46) -> 2167.0371 | AJ9: =SUM(H47:H50) -> 437.45048 | AK9: =SUM(H51:H59) -> 6834.6157 | AL9: =SUM(H60:H66) -> -5524.7819 | AM9: =SUM(H67:H71) -> -20403.749 | AN9: =SUM(H72:H76) -> -22349.258 | AO9: =SUM(H77:H81) -> -22142.206 | AP9: =SUM(H82:H83) -> -32453.467 | AQ9: =SUM(H84:H89) -> -32877.938 | AR9: =SUM(H90:H94) -> -50759.281 | AS9: =SUM(H95:H97) -> -51897.919 | AT9: =SUM(H98:H102) -> -59431.809 | AU9: =SUM(H103:H106) -> -31477.903 | AV9: =SUM(H107:H113) -> -17562.854 | AW9: =SUM(H114:H117) -> -6492.9124 | AX9: =SUM(H118:H122) -> -36525.06 | AY9: =SUM(H123:H126) -> -19334.983
A10: =MONTH(D10) -> 12 | B10: =YEAR(D10) -> 2023 | D10: {=IF(ROWS($D$7:D10)>COUNTIF('[1]U$S'!$H$5:$H$1008,$L$5),"",INDEX(CuentaUS,_xlfn.AGGREGATE(15,6,ROW('[1]U$S'!$H$5:$H$1008)-ROW('[1]U$S'!$O$5)+1/--('[1]U$S'!$H$5:$H$1008=$L$5),ROWS($D$7:D10)),1))} -> 45279 | E10: {=IF(ROWS($E$7:E10)>COUNTIF('[1]U$S'!$H$5:$H$1008,$L$5),"",INDEX(CuentaUS,_xlfn.AGGREGATE(15,6,ROW('[1]U$S'!$H$5:$H$1008)-ROW('[1]U$S'!$O$5)+1/--('[1]U$S'!$H$5:$H$1008=$L$5),ROWS($E$7:E10)),6))} -> 1278.77 | F10: =IF(E10="","",IF(E10>0,SUMIFS('[1]UY$'!$L$5:$L$993,'[1]UY$'!$O$5:$O$993,"Cambio",'[1]UY$'!$E$5:$E$993,'Efecto TC'!D10),"")) -> 50000 | G10: =IF(F10="","",F10/E10) -> 39.100073 | H10: =IF(E10="","",F10/$F$2-F10/G10) -> -88.29381 | I10: =IF(H10="","",+H10+I9) -> -1047.0867 | K10: Total PPO Pesos CEAOSA | L10: =+[1]Presupuesto!C9*F2 -> 613337046 | R10: =E10/$E$1001 -> 0.00015025918 | S10: =R10*G10 -> 0.005875145
A11: =MONTH(D11) -> 12 | B11: =YEAR(D11) -> 2023 | D11: {=IF(ROWS($D$7:D11)>COUNTIF('[1]U$S'!$H$5:$H$1008,$L$5),"",INDEX(CuentaUS,_xlfn.AGGREGATE(15,6,ROW('[1]U$S'!$H$5:$H$1008)-ROW('[1]U$S'!$O$5)+1/--('[1]U$S'!$H$5:$H$1008=$L$5),ROWS($D$7:D11)),1))} -> 45288 | E11: {=IF(ROWS($E$7:E11)>COUNTIF('[1]U$S'!$H$5:$H$1008,$L$5),"",INDEX(CuentaUS,_xlfn.AGGREGATE(15,6,ROW('[1]U$S'!$H$5:$H$1008)-ROW('[1]U$S'!$O$5)+1/--('[1]U$S'!$H$5:$H$1008=$L$5),ROWS($E$7:E11)),6))} -> 9027.59 | F11: =IF(E11="","",IF(E11>0,SUMIFS('[1]UY$'!$L$5:$L$993,'[1]UY$'!$O$5:$O$993,"Cambio",'[1]UY$'!$E$5:$E$993,'Efecto TC'!D11),"")) -> 350000 | G11: =IF(F11="","",F11/E11) -> 38.770037 | H11: =IF(E11="","",F11/$F$2-F11/G11) -> -694.25667 | I11: =IF(H11="","",+H11+I10) -> -1741.3433 | K11: Total PPO LLSS | L11: =+[1]Presupuesto!C11*F2 -> 102842560 | R11: =E11/$E$1001 -> 0.001060768 | S11: =R11*G11 -> 0.041126015
A12: =MONTH(D12) -> 3 | B12: =YEAR(D12) -> 2024 | D12: {=IF(ROWS($D$7:D12)>COUNTIF('[1]U$S'!$H$5:$H$1008,$L$5),"",INDEX(CuentaUS,_xlfn.AGGREGATE(15,6,ROW('[1]U$S'!$H$5:$H$1008)-ROW('[1]U$S'!$O$5)+1/--('[1]U$S'!$H$5:$H$1008=$L$5),ROWS($D$7:D12)),1))} -> 45352 | E12: {=IF(ROWS($E$7:E12)>COUNTIF('[1]U$S'!$H$5:$H$1008,$L$5),"",INDEX(CuentaUS,_xlfn.AGGREGATE(15,6,ROW('[1]U$S'!$H$5:$H$1008)-ROW('[1]U$S'!$O$5)+1/--('[1]U$S'!$H$5:$H$1008=$L$5),ROWS($E$7:E12)),6))} -> 3608.24 | F12: =IF(E12="","",IF(E12>0,SUMIFS('[1]UY$'!$L$5:$L$993,'[1]UY$'!$O$5:$O$993,"Cambio",'[1]UY$'!$E$5:$E$993,'Efecto TC'!D12),"")) -> 140000 | G12: =IF(F12="","",F12/E12) -> 38.80008 | H12: =IF(E12="","",F12/$F$2-F12/G12) -> -274.90667 | I12: =IF(H12="","",+H12+I11) -> -2016.25 | K12: Total PPO AJ P. | L12: =+[1]Presupuesto!C53*F2 -> 44780716 | R12: =E12/$E$1001 -> 0.00042397866 | S12: =R12*G12 -> 0.016450406
A13: =MONTH(D13) -> 3 | B13: =YEAR(D13) -> 2024 | D13: {=IF(ROWS($D$7:D13)>COUNTIF('[1]U$S'!$H$5:$H$1008,$L$5),"",INDEX(CuentaUS,_xlfn.AGGREGATE(15,6,ROW('[1]U$S'!$H$5:$H$1008)-ROW('[1]U$S'!$O$5)+1/--('[1]U$S'!$H$5:$H$1008=$L$5),ROWS($D$7:D13)),1))} -> 45370 | E13: {=IF(ROWS($E$7:E13)>COUNTIF('[1]U$S'!$H$5:$H$1008,$L$5),"",INDEX(CuentaUS,_xlfn.AGGREGATE(15,6,ROW('[1]U$S'!$H$5:$H$1008)-ROW('[1]U$S'!$O$5)+1/--('[1]U$S'!$H$5:$H$1008=$L$5),ROWS($E$7:E13)),6))} -> 31054.27 | F13: =IF(E13="","",IF(E13>0,SUMIFS('[1]UY$'!$L$5:$L$993,'[1]UY$'!$O$5:$O$993,"Cambio",'[1]UY$'!$E$5:$E$993,'Efecto TC'!D13),"")) -> 1190000 | G13: =IF(F13="","",F13/E13) -> 38.320012 | H13: =IF(E13="","",F13/$F$2-F13/G13) -> -2720.9367 | I13: =IF(H13="","",+H13+I12) -> -4737.1867 | K13: Total pesos OBRA | L13: =+L10+L11+L12 -> 760960322 | R13: =E13/$E$1001 -> 0.0036489668 | S13: =R13*G13 -> 0.13982845
A14: =MONTH(D14) -> 3 | B14: =YEAR(D14) -> 2024 | D14: {=IF(ROWS($D$7:D14)>COUNTIF('[1]U$S'!$H$5:$H$1008,$L$5),"",INDEX(CuentaUS,_xlfn.AGGREGATE(15,6,ROW('[1]U$S'!$H$5:$H$1008)-ROW('[1]U$S'!$O$5)+1/--('[1]U$S'!$H$5:$H$1008=$L$5),ROWS($D$7:D14)),1))} -> 45371 | E14: {=IF(ROWS($E$7:E14)>COUNTIF('[1]U$S'!$H$5:$H$1008,$L$5),"",INDEX(CuentaUS,_xlfn.AGGREGATE(15,6,ROW('[1]U$S'!$H$5:$H$1008)-ROW('[1]U$S'!$O$5)+1/--('[1]U$S'!$H$5:$H$1008=$L$5),ROWS($E$7:E14)),6))} -> 20927.15 | F14: =IF(E14="","",IF(E14>0,SUMIFS('[1]UY$'!$L$5:$L$993,'[1]UY$'!$O$5:$O$993,"Cambio",'[1]UY$'!$E$5:$E$993,'Efecto TC'!D14),"")) -> 790000 | G14: =IF(F14="","",F14/E14) -> 37.750004 | H14: =IF(E14="","",F14/$F$2-F14/G14) -> -2117.6262 | I14: =IF(H14="","",+H14+I13) -> -6854.8129 | R14: =E14/$E$1001 -> 0.0024590008 | S14: =R14*G14 -> 0.092827291
A15: =MONTH(D15) -> 3 | B15: =YEAR(D15) -> 2024 | D15: {=IF(ROWS($D$7:D15)>COUNTIF('[1]U$S'!$H$5:$H$1008,$L$5),"",INDEX(CuentaUS,_xlfn.AGGREGATE(15,6,ROW('[1]U$S'!$H$5:$H$1008)-ROW('[1]U$S'!$O$5)+1/--('[1]U$S'!$H$5:$H$1008=$L$5),ROWS($D$7:D15)),1))} -> 45373 | E15: {=IF(ROWS($E$7:E15)>COUNTIF('[1]U$S'!$H$5:$H$1008,$L$5),"",INDEX(CuentaUS,_xlfn.AGGREGATE(15,6,ROW('[1]U$S'!$H$5:$H$1008)-ROW('[1]U$S'!$O$5)+1/--('[1]U$S'!$H$5:$H$1008=$L$5),ROWS($E$7:E15)),6))} -> 5066.66 | F15: =IF(E15="","",IF(E15>0,SUMIFS('[1]UY$'!$L$5:$L$993,'[1]UY$'!$O$5:$O$993,"Cambio",'[1]UY$'!$E$5:$E$993,'Efecto TC'!D15),"")) -> 190000 | G15: =IF(F15="","",F15/E15) -> 37.500049 | H15: =IF(E15="","",F15/$F$2-F15/G15) -> -542.85048 | I15: =IF(H15="","",+H15+I14) -> -7397.6633 | K15: Pagos pesos total | R15: =E15/$E$1001 -> 0.00059534724 | S15: =R15*G15 -> 0.022325551
A16: =MONTH(D16) -> 4 | B16: =YEAR(D16) -> 2024 | D16: {=IF(ROWS($D$7:D16)>COUNTIF('[1]U$S'!$H$5:$H$1008,$L$5),"",INDEX(CuentaUS,_xlfn.AGGREGATE(15,6,ROW('[1]U$S'!$H$5:$H$1008)-ROW('[1]U$S'!$O$5)+1/--('[1]U$S'!$H$5:$H$1008=$L$5),ROWS($D$7:D16)),1))} -> 45383 | E16: {=IF(ROWS($E$7:E16)>COUNTIF('[1]U$S'!$H$5:$H$1008,$L$5),"",INDEX(CuentaUS,_xlfn.AGGREGATE(15,6,ROW('[1]U$S'!$H$5:$H$1008)-ROW('[1]U$S'!$O$5)+1/--('[1]U$S'!$H$5:$H$1008=$L$5),ROWS($E$7:E16)),6))} -> 26490.06 | F16: =IF(E16="","",IF(E16>0,SUMIFS('[1]UY$'!$L$5:$L$993,'[1]UY$'!$O$5:$O$993,"Cambio",'[1]UY$'!$E$5:$E$993,'Efecto TC'!D16),"")) -> 1000000 | G16: =IF(F16="","",F16/E16) -> 37.750009 | H16: =IF(E16="","",F16/$F$2-F16/G16) -> -2680.5362 | I16: =IF(H16="","",+H16+I15) -> -10078.2 | R16: =E16/$E$1001 -> 0.0031126589 | S16: =R16*G16 -> 0.1175029
A17: =MONTH(D17) -> 7 | B17: =YEAR(D17) -> 2024 | D17: {=IF(ROWS($D$7:D17)>COUNTIF('[1]U$S'!$H$5:$H$1008,$L$5),"",INDEX(CuentaUS,_xlfn.AGGREGATE(15,6,ROW('[1]U$S'!$H$5:$H$1008)-ROW('[1]U$S'!$O$5)+1/--('[1]U$S'!$H$5:$H$1008=$L$5),ROWS($D$7:D17)),1))} -> 45475 | E17: {=IF(ROWS($E$7:E17)>COUNTIF('[1]U$S'!$H$5:$H$1008,$L$5),"",INDEX(CuentaUS,_xlfn.AGGREGATE(15,6,ROW('[1]U$S'!$H$5:$H$1008)-ROW('[1]U$S'!$O$5)+1/--('[1]U$S'!$H$5:$H$1008=$L$5),ROWS($E$7:E17)),6))} -> 27930.17 | F17: =IF(E17="","",IF(E17>0,SUMIFS('[1]UY$'!$L$5:$L$993,'[1]UY$'!$O$5:$O$993,"Cambio",'[1]UY$'!$E$5:$E$993,'Efecto TC'!D17),"")) -> 1120000 | G17: =IF(F17="","",F17/E17) -> 40.100007 | H17: =IF(E17="","",F17/$F$2-F17/G17) -> -1263.5033 | I17: =IF(H17="","",+H17+I16) -> -11341.703 | K17: Total Pago Pesos CEAOSA | L17: =+'[1]Flujo Gastos (con iva)'!F133*F4 -> 2.3609782e+08 | R17: =E17/$E$1001 -> 0.003281876 | S17: =R17*G17 -> 0.13160325
A18: =MONTH(D18) -> 7 | B18: =YEAR(D18) -> 2024 | D18: {=IF(ROWS($D$7:D18)>COUNTIF('[1]U$S'!$H$5:$H$1008,$L$5),"",INDEX(CuentaUS,_xlfn.AGGREGATE(15,6,ROW('[1]U$S'!$H$5:$H$1008)-ROW('[1]U$S'!$O$5)+1/--('[1]U$S'!$H$5:$H$1008=$L$5),ROWS($D$7:D18)),1))} -> 45482 | E18: {=IF(ROWS($E$7:E18)>COUNTIF('[1]U$S'!$H$5:$H$1008,$L$5),"",INDEX(CuentaUS,_xlfn.AGGREGATE(15,6,ROW('[1]U$S'!$H$5:$H$1008)-ROW('[1]U$S'!$O$5)+1/--('[1]U$S'!$H$5:$H$1008=$L$5),ROWS($E$7:E18)),6))} -> 5527.63 | F18: =IF(E18="","",IF(E18>0,SUMIFS('[1]UY$'!$L$5:$L$993,'[1]UY$'!$O$5:$O$993,"Cambio",'[1]UY$'!$E$5:$E$993,'Efecto TC'!D18),"")) -> 220000 | G18: =IF(F18="","",F18/E18) -> 39.800059 | H18: =IF(E18="","",F18/$F$2-F18/G18) -> -289.53476 | I18: =IF(H18="","",+H18+I17) -> -11631.238 | K18: Total Pago LLSS | L18: =+'[1]Flujo Gastos (con iva)'!F141*F4 -> 46764072 | R18: =E18/$E$1001 -> 0.00064951255 | S18: =R18*G18 -> 0.025850638 | V18: 45231
A19: =MONTH(D19) -> 7 | B19: =YEAR(D19) -> 2024 | D19: {=IF(ROWS($D$7:D19)>COUNTIF('[1]U$S'!$H$5:$H$1008,$L$5),"",INDEX(CuentaUS,_xlfn.AGGREGATE(15,6,ROW('[1]U$S'!$H$5:$H$1008)-ROW('[1]U$S'!$O$5)+1/--('[1]U$S'!$H$5:$H$1008=$L$5),ROWS($D$7:D19)),1))} -> 45496 | E19: {=IF(ROWS($E$7:E19)>COUNTIF('[1]U$S'!$H$5:$H$1008,$L$5),"",INDEX(CuentaUS,_xlfn.AGGREGATE(15,6,ROW('[1]U$S'!$H$5:$H$1008)-ROW('[1]U$S'!$O$5)+1/--('[1]U$S'!$H$5:$H$1008=$L$5),ROWS($E$7:E19)),6))} -> 3624.09 | F19: =IF(E19="","",IF(E19>0,SUMIFS('[1]UY$'!$L$5:$L$993,'[1]UY$'!$O$5:$O$993,"Cambio",'[1]UY$'!$E$5:$E$993,'Efecto TC'!D19),"")) -> 145000 | G19: =IF(F19="","",F19/E19) -> 40.010044 | H19: =IF(E19="","",F19/$F$2-F19/G19) -> -171.70905 | I19: =IF(H19="","",+H19+I18) -> -11802.947 | K19: Total Pago AJ P. | L19: =+'[1]Flujo Gastos (con iva)'!F129*F4 -> 11465255 | R19: =E19/$E$1001 -> 0.00042584108 | S19: =R19*G19 -> 0.01703792 | V19: USD | W19: PESOS | X19: Promedio | Y19: Modelo
A20: =MONTH(D20) -> 7 | B20: =YEAR(D20) -> 2024 | D20: {=IF(ROWS($D$7:D20)>COUNTIF('[1]U$S'!$H$5:$H$1008,$L$5),"",INDEX(CuentaUS,_xlfn.AGGREGATE(15,6,ROW('[1]U$S'!$H$5:$H$1008)-ROW('[1]U$S'!$O$5)+1/--('[1]U$S'!$H$5:$H$1008=$L$5),ROWS($D$7:D20)),1))} -> 45497 | E20: {=IF(ROWS($E$7:E20)>COUNTIF('[1]U$S'!$H$5:$H$1008,$L$5),"",INDEX(CuentaUS,_xlfn.AGGREGATE(15,6,ROW('[1]U$S'!$H$5:$H$1008)-ROW('[1]U$S'!$O$5)+1/--('[1]U$S'!$H$5:$H$1008=$L$5),ROWS($E$7:E20)),6))} -> 1747.81 | F20: =IF(E20="","",IF(E20>0,SUMIFS('[1]UY$'!$L$5:$L$993,'[1]UY$'!$O$5:$O$993,"Cambio",'[1]UY$'!$E$5:$E$993,'Efecto TC'!D20),"")) -> 70000 | G20: =IF(F20="","",F20/E20) -> 40.05012 | H20: =IF(E20="","",F20/$F$2-F20/G20) -> -81.143333 | I20: =IF(H20="","",+H20+I19) -> -11884.09 | K20: Total pesos OBRA | L20: =+L17+L18+L19 -> 2.9432715e+08 | R20: =E20/$E$1001 -> 0.00020537274 | S20: =R20*G20 -> 0.008225203 | V20: =SUM(E6:E9) -> 14101.65 | W20: =SUM(F6:F9) -> 552000 | X20: =AVERAGE(G6:G9) -> 39.197575
A21: =MONTH(D21) -> 8 | B21: =YEAR(D21) -> 2024 | D21: {=IF(ROWS($D$7:D21)>COUNTIF('[1]U$S'!$H$5:$H$1008,$L$5),"",INDEX(CuentaUS,_xlfn.AGGREGATE(15,6,ROW('[1]U$S'!$H$5:$H$1008)-ROW('[1]U$S'!$O$5)+1/--('[1]U$S'!$H$5:$H$1008=$L$5),ROWS($D$7:D21)),1))} -> 45506 | E21: {=IF(ROWS($E$7:E21)>COUNTIF('[1]U$S'!$H$5:$H$1008,$L$5),"",INDEX(CuentaUS,_xlfn.AGGREGATE(15,6,ROW('[1]U$S'!$H$5:$H$1008)-ROW('[1]U$S'!$O$5)+1/--('[1]U$S'!$H$5:$H$1008=$L$5),ROWS($E$7:E21)),6))} -> 6203.47 | F21: =IF(E21="","",IF(E21>0,SUMIFS('[1]UY$'!$L$5:$L$993,'[1]UY$'!$O$5:$O$993,"Cambio",'[1]UY$'!$E$5:$E$993,'Efecto TC'!D21),"")) -> 250000 | G21: =IF(F21="","",F21/E21) -> 40.300026 | H21: =IF(E21="","",F21/$F$2-F21/G21) -> -251.08905 | I21: =IF(H21="","",+H21+I20) -> -12135.179 | R21: =E21/$E$1001 -> 0.00072892571 | S21: =R21*G21 -> 0.029375725
A22: =MONTH(D22) -> 8 | B22: =YEAR(D22) -> 2024 | D22: {=IF(ROWS($D$7:D22)>COUNTIF('[1]U$S'!$H$5:$H$1008,$L$5),"",INDEX(CuentaUS,_xlfn.AGGREGATE(15,6,ROW('[1]U$S'!$H$5:$H$1008)-ROW('[1]U$S'!$O$5)+1/--('[1]U$S'!$H$5:$H$1008=$L$5),ROWS($D$7:D22)),1))} -> 45517 | E22: {=IF(ROWS($E$7:E22)>COUNTIF('[1]U$S'!$H$5:$H$1008,$L$5),"",INDEX(CuentaUS,_xlfn.AGGREGATE(15,6,ROW('[1]U$S'!$H$5:$H$1008)-ROW('[1]U$S'!$O$5)+1/--('[1]U$S'!$H$5:$H$1008=$L$5),ROWS($E$7:E22)),6))} -> 1614.9 | F22: =IF(E22="","",IF(E22>0,SUMIFS('[1]UY$'!$L$5:$L$993,'[1]UY$'!$O$5:$O$993,"Cambio",'[1]UY$'!$E$5:$E$993,'Efecto TC'!D22),"")) -> 65000 | G22: =IF(F22="","",F22/E22) -> 40.25017 | H22: =IF(E22="","",F22/$F$2-F22/G22) -> -67.280952 | I22: =IF(H22="","",+H22+I21) -> -12202.46 | K22: Pendiente pesos total | R22: =E22/$E$1001 -> 0.00018975543 | S22: =R22*G22 -> 0.0076376885
A23: =MONTH(D23) -> 8 | B23: =YEAR(D23) -> 2024 | D23: {=IF(ROWS($D$7:D23)>COUNTIF('[1]U$S'!$H$5:$H$1008,$L$5),"",INDEX(CuentaUS,_xlfn.AGGREGATE(15,6,ROW('[1]U$S'!$H$5:$H$1008)-ROW('[1]U$S'!$O$5)+1/--('[1]U$S'!$H$5:$H$1008=$L$5),ROWS($D$7:D23)),1))} -> 45520 | E23: {=IF(ROWS($E$7:E23)>COUNTIF('[1]U$S'!$H$5:$H$1008,$L$5),"",INDEX(CuentaUS,_xlfn.AGGREGATE(15,6,ROW('[1]U$S'!$H$5:$H$1008)-ROW('[1]U$S'!$O$5)+1/--('[1]U$S'!$H$5:$H$1008=$L$5),ROWS($E$7:E23)),6))} -> 7098.38 | F23: =IF(E23="","",IF(E23>0,SUMIFS('[1]UY$'!$L$5:$L$993,'[1]UY$'!$O$5:$O$993,"Cambio",'[1]UY$'!$E$5:$E$993,'Efecto TC'!D23),"")) -> 285000 | G23: =IF(F23="","",F23/E23) -> 40.150006 | H23: =IF(E23="","",F23/$F$2-F23/G23) -> -312.66571 | I23: =IF(H23="","",+H23+I22) -> -12515.126 | R23: =E23/$E$1001 -> 0.00083408023 | S23: =R23*G23 -> 0.033488326
A24: =MONTH(D24) -> 8 | B24: =YEAR(D24) -> 2024 | D24: {=IF(ROWS($D$7:D24)>COUNTIF('[1]U$S'!$H$5:$H$1008,$L$5),"",INDEX(CuentaUS,_xlfn.AGGREGATE(15,6,ROW('[1]U$S'!$H$5:$H$1008)-ROW('[1]U$S'!$O$5)+1/--('[1]U$S'!$H$5:$H$1008=$L$5),ROWS($D$7:D24)),1))} -> 45530 | E24: {=IF(ROWS($E$7:E24)>COUNTIF('[1]U$S'!$H$5:$H$1008,$L$5),"",INDEX(CuentaUS,_xlfn.AGGREGATE(15,6,ROW('[1]U$S'!$H$5:$H$1008)-ROW('[1]U$S'!$O$5)+1/--('[1]U$S'!$H$5:$H$1008=$L$5),ROWS($E$7:E24)),6))} -> 4119.85 | F24: =IF(E24="","",IF(E24>0,SUMIFS('[1]UY$'!$L$5:$L$993,'[1]UY$'!$O$5:$O$993,"Cambio",'[1]UY$'!$E$5:$E$993,'Efecto TC'!D24),"")) -> 165000 | G24: =IF(F24="","",F24/E24) -> 40.050002 | H24: =IF(E24="","",F24/$F$2-F24/G24) -> -191.27857 | I24: =IF(H24="","",+H24+I23) -> -12706.404 | K24: Pesos pendientes | L24: =+L13-L20 -> 4.6663317e+08 | R24: =E24/$E$1001 -> 0.00048409432 | S24: =R24*G24 -> 0.019387978
A25: =MONTH(D25) -> 9 | B25: =YEAR(D25) -> 2024 | D25: {=IF(ROWS($D$7:D25)>COUNTIF('[1]U$S'!$H$5:$H$1008,$L$5),"",INDEX(CuentaUS,_xlfn.AGGREGATE(15,6,ROW('[1]U$S'!$H$5:$H$1008)-ROW('[1]U$S'!$O$5)+1/--('[1]U$S'!$H$5:$H$1008=$L$5),ROWS($D$7:D25)),1))} -> 45540 | E25: {=IF(ROWS($E$7:E25)>COUNTIF('[1]U$S'!$H$5:$H$1008,$L$5),"",INDEX(CuentaUS,_xlfn.AGGREGATE(15,6,ROW('[1]U$S'!$H$5:$H$1008)-ROW('[1]U$S'!$O$5)+1/--('[1]U$S'!$H$5:$H$1008=$L$5),ROWS($E$7:E25)),6))} -> 1245.01 | F25: =IF(E25="","",IF(E25>0,SUMIFS('[1]UY$'!$L$5:$L$993,'[1]UY$'!$O$5:$O$993,"Cambio",'[1]UY$'!$E$5:$E$993,'Efecto TC'!D25),"")) -> 50000 | G25: =IF(F25="","",F25/E25) -> 40.16032 | H25: =IF(E25="","",F25/$F$2-F25/G25) -> -54.53381 | I25: =IF(H25="","",+H25+I24) -> -12760.938 | R25: =E25/$E$1001 -> 0.00014629229 | S25: =R25*G25 -> 0.005875145
A26: =MONTH(D26) -> 9 | B26: =YEAR(D26) -> 2024 | D26: {=IF(ROWS($D$7:D26)>COUNTIF('[1]U$S'!$H$5:$H$1008,$L$5),"",INDEX(CuentaUS,_xlfn.AGGREGATE(15,6,ROW('[1]U$S'!$H$5:$H$1008)-ROW('[1]U$S'!$O$5)+1/--('[1]U$S'!$H$5:$H$1008=$L$5),ROWS($D$7:D26)),1))} -> 45545 | E26: {=IF(ROWS($E$7:E26)>COUNTIF('[1]U$S'!$H$5:$H$1008,$L$5),"",INDEX(CuentaUS,_xlfn.AGGREGATE(15,6,ROW('[1]U$S'!$H$5:$H$1008)-ROW('[1]U$S'!$O$5)+1/--('[1]U$S'!$H$5:$H$1008=$L$5),ROWS($E$7:E26)),6))} -> 1241.92 | F26: =IF(E26="","",IF(E26>0,SUMIFS('[1]UY$'!$L$5:$L$993,'[1]UY$'!$O$5:$O$993,"Cambio",'[1]UY$'!$E$5:$E$993,'Efecto TC'!D26),"")) -> 50000 | G26: =IF(F26="","",F26/E26) -> 40.260242 | H26: =IF(E26="","",F26/$F$2-F26/G26) -> -51.44381 | I26: =IF(H26="","",+H26+I25) -> -12812.382 | K26: Sensibilidad TC | R26: =E26/$E$1001 -> 0.0001459292 | S26: =R26*G26 -> 0.005875145
A27: =MONTH(D27) -> 9 | B27: =YEAR(D27) -> 2024 | D27: {=IF(ROWS($D$7:D27)>COUNTIF('[1]U$S'!$H$5:$H$1008,$L$5),"",INDEX(CuentaUS,_xlfn.AGGREGATE(15,6,ROW('[1]U$S'!$H$5:$H$1008)-ROW('[1]U$S'!$O$5)+1/--('[1]U$S'!$H$5:$H$1008=$L$5),ROWS($D$7:D27)),1))} -> 45559 | E27: {=IF(ROWS($E$7:E27)>COUNTIF('[1]U$S'!$H$5:$H$1008,$L$5),"",INDEX(CuentaUS,_xlfn.AGGREGATE(15,6,ROW('[1]U$S'!$H$5:$H$1008)-ROW('[1]U$S'!$O$5)+1/--('[1]U$S'!$H$5:$H$1008=$L$5),ROWS($E$7:E27)),6))} -> 4996.68 | F27: =IF(E27="","",IF(E27>0,SUMIFS('[1]UY$'!$L$5:$L$993,'[1]UY$'!$O$5:$O$993,"Cambio",'[1]UY$'!$E$5:$E$993,'Efecto TC'!D27),"")) -> 210000 | G27: =IF(F27="","",F27/E27) -> 42.027907 | H27: =IF(E27="","",F27/$F$2-F27/G27) -> 3.32 | I27: =IF(H27="","",+H27+I26) -> -12809.062 | R27: =E27/$E$1001 -> 0.00058712439 | S27: =R27*G27 -> 0.024675609
A28: =MONTH(D28) -> 10 | B28: =YEAR(D28) -> 2024 | D28: {=IF(ROWS($D$7:D28)>COUNTIF('[1]U$S'!$H$5:$H$1008,$L$5),"",INDEX(CuentaUS,_xlfn.AGGREGATE(15,6,ROW('[1]U$S'!$H$5:$H$1008)-ROW('[1]U$S'!$O$5)+1/--('[1]U$S'!$H$5:$H$1008=$L$5),ROWS($D$7:D28)),1))} -> 45582 | E28: {=IF(ROWS($E$7:E28)>COUNTIF('[1]U$S'!$H$5:$H$1008,$L$5),"",INDEX(CuentaUS,_xlfn.AGGREGATE(15,6,ROW('[1]U$S'!$H$5:$H$1008)-ROW('[1]U$S'!$O$5)+1/--('[1]U$S'!$H$5:$H$1008=$L$5),ROWS($E$7:E28)),6))} -> 1811.59 | F28: =IF(E28="","",IF(E28>0,SUMIFS('[1]UY$'!$L$5:$L$993,'[1]UY$'!$O$5:$O$993,"Cambio",'[1]UY$'!$E$5:$E$993,'Efecto TC'!D28),"")) -> 75000 | G28: =IF(F28="","",F28/E28) -> 41.400096 | H28: =IF(E28="","",F28/$F$2-F28/G28) -> -25.875714 | I28: =IF(H28="","",+H28+I27) -> -12834.938 | K28: 39 | L28: =+N33-N28 -> -854639.51 | N28: =+$L$24/K28 -> 11964953 | R28: =E28/$E$1001 -> 0.00021286708 | S28: =R28*G28 -> 0.0088127175
A29: =MONTH(D29) -> 10 | B29: =YEAR(D29) -> 2024 | D29: {=IF(ROWS($D$7:D29)>COUNTIF('[1]U$S'!$H$5:$H$1008,$L$5),"",INDEX(CuentaUS,_xlfn.AGGREGATE(15,6,ROW('[1]U$S'!$H$5:$H$1008)-ROW('[1]U$S'!$O$5)+1/--('[1]U$S'!$H$5:$H$1008=$L$5),ROWS($D$7:D29)),1))} -> 45595 | E29: {=IF(ROWS($E$7:E29)>COUNTIF('[1]U$S'!$H$5:$H$1008,$L$5),"",INDEX(CuentaUS,_xlfn.AGGREGATE(15,6,ROW('[1]U$S'!$H$5:$H$1008)-ROW('[1]U$S'!$O$5)+1/--('[1]U$S'!$H$5:$H$1008=$L$5),ROWS($E$7:E29)),6))} -> 2184.46 | F29: =IF(E29="","",IF(E29>0,SUMIFS('[1]UY$'!$L$5:$L$993,'[1]UY$'!$O$5:$O$993,"Cambio",'[1]UY$'!$E$5:$E$993,'Efecto TC'!D29),"")) -> 90000 | G29: =IF(F29="","",F29/E29) -> 41.200114 | H29: =IF(E29="","",F29/$F$2-F29/G29) -> -41.602857 | I29: =IF(H29="","",+H29+I28) -> -12876.54 | K29: 39.81 | L29: =+N34-N29 -> -621764.02 | N29: =+$L$24/K29 -> 11721507 | R29: =E29/$E$1001 -> 0.00025668038 | S29: =R29*G29 -> 0.010575261
A30: =MONTH(D30) -> 10 | B30: =YEAR(D30) -> 2024 | D30: {=IF(ROWS($D$7:D30)>COUNTIF('[1]U$S'!$H$5:$H$1008,$L$5),"",INDEX(CuentaUS,_xlfn.AGGREGATE(15,6,ROW('[1]U$S'!$H$5:$H$1008)-ROW('[1]U$S'!$O$5)+1/--('[1]U$S'!$H$5:$H$1008=$L$5),ROWS($D$7:D30)),1))} -> 45596 | E30: {=IF(ROWS($E$7:E30)>COUNTIF('[1]U$S'!$H$5:$H$1008,$L$5),"",INDEX(CuentaUS,_xlfn.AGGREGATE(15,6,ROW('[1]U$S'!$H$5:$H$1008)-ROW('[1]U$S'!$O$5)+1/--('[1]U$S'!$H$5:$H$1008=$L$5),ROWS($E$7:E30)),6))} -> 1206.27 | F30: =IF(E30="","",IF(E30>0,SUMIFS('[1]UY$'!$L$5:$L$993,'[1]UY$'!$O$5:$O$993,"Cambio",'[1]UY$'!$E$5:$E$993,'Efecto TC'!D30),"")) -> 50000 | G30: =IF(F30="","",F30/E30) -> 41.45009 | H30: =IF(E30="","",F30/$F$2-F30/G30) -> -15.79381 | I30: =IF(H30="","",+H30+I29) -> -12892.334 | K30: 40 | L30: =+N33-N30 -> -555515.68 | N30: =+$L$24/K30 -> 11665829 | R30: =E30/$E$1001 -> 0.00014174022 | S30: =R30*G30 -> 0.005875145
A31: =MONTH(D31) -> 11 | B31: =YEAR(D31) -> 2024 | D31: {=IF(ROWS($D$7:D31)>COUNTIF('[1]U$S'!$H$5:$H$1008,$L$5),"",INDEX(CuentaUS,_xlfn.AGGREGATE(15,6,ROW('[1]U$S'!$H$5:$H$1008)-ROW('[1]U$S'!$O$5)+1/--('[1]U$S'!$H$5:$H$1008=$L$5),ROWS($D$7:D31)),1))} -> 45602 | E31: {=IF(ROWS($E$7:E31)>COUNTIF('[1]U$S'!$H$5:$H$1008,$L$5),"",INDEX(CuentaUS,_xlfn.AGGREGATE(15,6,ROW('[1]U$S'!$H$5:$H$1008)-ROW('[1]U$S'!$O$5)+1/--('[1]U$S'!$H$5:$H$1008=$L$5),ROWS($E$7:E31)),6))} -> 1201.92 | F31: =IF(E31="","",IF(E31>0,SUMIFS('[1]UY$'!$L$5:$L$993,'[1]UY$'!$O$5:$O$993,"Cambio",'[1]UY$'!$E$5:$E$993,'Efecto TC'!D31),"")) -> 50000 | G31: =IF(F31="","",F31/E31) -> 41.600106 | H31: =IF(E31="","",F31/$F$2-F31/G31) -> -11.44381 | I31: =IF(H31="","",+H31+I30) -> -12903.778 | K31: 41 | L31: =+N33-N31 -> -270983.26 | N31: =+$L$24/K31 -> 11381297 | R31: =E31/$E$1001 -> 0.00014122909 | S31: =R31*G31 -> 0.005875145
A32: =MONTH(D32) -> 11 | B32: =YEAR(D32) -> 2024 | D32: {=IF(ROWS($D$7:D32)>COUNTIF('[1]U$S'!$H$5:$H$1008,$L$5),"",INDEX(CuentaUS,_xlfn.AGGREGATE(15,6,ROW('[1]U$S'!$H$5:$H$1008)-ROW('[1]U$S'!$O$5)+1/--('[1]U$S'!$H$5:$H$1008=$L$5),ROWS($D$7:D32)),1))} -> 45607 | E32: {=IF(ROWS($E$7:E32)>COUNTIF('[1]U$S'!$H$5:$H$1008,$L$5),"",INDEX(CuentaUS,_xlfn.AGGREGATE(15,6,ROW('[1]U$S'!$H$5:$H$1008)-ROW('[1]U$S'!$O$5)+1/--('[1]U$S'!$H$5:$H$1008=$L$5),ROWS($E$7:E32)),6))} -> 1185.95 | F32: =IF(E32="","",IF(E32>0,SUMIFS('[1]UY$'!$L$5:$L$993,'[1]UY$'!$O$5:$O$993,"Cambio",'[1]UY$'!$E$5:$E$993,'Efecto TC'!D32),"")) -> 50000 | G32: =IF(F32="","",F32/E32) -> 42.160293 | H32: =IF(E32="","",F32/$F$2-F32/G32) -> 4.5261905 | I32: =IF(H32="","",+H32+I31) -> -12899.252 | K32: 41.31 | L32: =+N33-N32 -> -185575.32 | N32: =+$L$24/K32 -> 11295889 | R32: =E32/$E$1001 -> 0.00013935256 | S32: =R32*G32 -> 0.005875145
A33: =MONTH(D33) -> 11 | B33: =YEAR(D33) -> 2024 | D33: {=IF(ROWS($D$7:D33)>COUNTIF('[1]U$S'!$H$5:$H$1008,$L$5),"",INDEX(CuentaUS,_xlfn.AGGREGATE(15,6,ROW('[1]U$S'!$H$5:$H$1008)-ROW('[1]U$S'!$O$5)+1/--('[1]U$S'!$H$5:$H$1008=$L$5),ROWS($D$7:D33)),1))} -> 45621 | E33: {=IF(ROWS($E$7:E33)>COUNTIF('[1]U$S'!$H$5:$H$1008,$L$5),"",INDEX(CuentaUS,_xlfn.AGGREGATE(15,6,ROW('[1]U$S'!$H$5:$H$1008)-ROW('[1]U$S'!$O$5)+1/--('[1]U$S'!$H$5:$H$1008=$L$5),ROWS($E$7:E33)),6))} -> 47563.26 | F33: =IF(E33="","",IF(E33>0,SUMIFS('[1]UY$'!$L$5:$L$993,'[1]UY$'!$O$5:$O$993,"Cambio",'[1]UY$'!$E$5:$E$993,'Efecto TC'!D33),"")) -> 2030000 | G33: =IF(F33="","",F33/E33) -> 42.680001 | H33: =IF(E33="","",F33/$F$2-F33/G33) -> 770.07333 | I33: =IF(H33="","",+H33+I32) -> -12129.179 | K33: 42 | L33: 0 | N33: =+$L$24/K33 -> 11110314 | R33: =E33/$E$1001 -> 0.005588821 | S33: =R33*G33 -> 0.23853089
A34: =MONTH(D34) -> 11 | B34: =YEAR(D34) -> 2024 | D34: {=IF(ROWS($D$7:D34)>COUNTIF('[1]U$S'!$H$5:$H$1008,$L$5),"",INDEX(CuentaUS,_xlfn.AGGREGATE(15,6,ROW('[1]U$S'!$H$5:$H$1008)-ROW('[1]U$S'!$O$5)+1/--('[1]U$S'!$H$5:$H$1008=$L$5),ROWS($D$7:D34)),1))} -> 45622 | E34: {=IF(ROWS($E$7:E34)>COUNTIF('[1]U$S'!$H$5:$H$1008,$L$5),"",INDEX(CuentaUS,_xlfn.AGGREGATE(15,6,ROW('[1]U$S'!$H$5:$H$1008)-ROW('[1]U$S'!$O$5)+1/--('[1]U$S'!$H$5:$H$1008=$L$5),ROWS($E$7:E34)),6))} -> 12895.66 | F34: =IF(E34="","",IF(E34>0,SUMIFS('[1]UY$'!$L$5:$L$993,'[1]UY$'!$O$5:$O$993,"Cambio",'[1]UY$'!$E$5:$E$993,'Efecto TC'!D34),"")) -> 550000 | G34: =IF(F34="","",F34/E34) -> 42.650008 | H34: =IF(E34="","",F34/$F$2-F34/G34) -> 199.5781 | I34: =IF(H34="","",+H34+I33) -> -11929.6 | K34: 42.04 | L34: =+N33-N34 -> 10571.183 | N34: =+$L$24/K34 -> 11099742 | R34: =E34/$E$1001 -> 0.0015152774 | S34: =R34*G34 -> 0.064626595
A35: =MONTH(D35) -> 12 | B35: =YEAR(D35) -> 2024 | D35: {=IF(ROWS($D$7:D35)>COUNTIF('[1]U$S'!$H$5:$H$1008,$L$5),"",INDEX(CuentaUS,_xlfn.AGGREGATE(15,6,ROW('[1]U$S'!$H$5:$H$1008)-ROW('[1]U$S'!$O$5)+1/--('[1]U$S'!$H$5:$H$1008=$L$5),ROWS($D$7:D35)),1))} -> 45629 | E35: {=IF(ROWS($E$7:E35)>COUNTIF('[1]U$S'!$H$5:$H$1008,$L$5),"",INDEX(CuentaUS,_xlfn.AGGREGATE(15,6,ROW('[1]U$S'!$H$5:$H$1008)-ROW('[1]U$S'!$O$5)+1/--('[1]U$S'!$H$5:$H$1008=$L$5),ROWS($E$7:E35)),6))} -> 11157.6 | F35: =IF(E35="","",IF(E35>0,SUMIFS('[1]UY$'!$L$5:$L$993,'[1]UY$'!$O$5:$O$993,"Cambio",'[1]UY$'!$E$5:$E$993,'Efecto TC'!D35),"")) -> 480000 | G35: =IF(F35="","",F35/E35) -> 43.020004 | H35: =IF(E35="","",F35/$F$2-F35/G35) -> 270.97143 | I35: =IF(H35="","",+H35+I34) -> -11658.629 | K35: 43 | L35: =+N33-N35 -> 258379.39 | N35: =+$L$24/K35 -> 10851934 | R35: =E35/$E$1001 -> 0.0013110504 | S35: =R35*G35 -> 0.056401392
A36: =MONTH(D36) -> 12 | B36: =YEAR(D36) -> 2024 | D36: {=IF(ROWS($D$7:D36)>COUNTIF('[1]U$S'!$H$5:$H$1008,$L$5),"",INDEX(CuentaUS,_xlfn.AGGREGATE(15,6,ROW('[1]U$S'!$H$5:$H$1008)-ROW('[1]U$S'!$O$5)+1/--('[1]U$S'!$H$5:$H$1008=$L$5),ROWS($D$7:D36)),1))} -> 45638 | E36: {=IF(ROWS($E$7:E36)>COUNTIF('[1]U$S'!$H$5:$H$1008,$L$5),"",INDEX(CuentaUS,_xlfn.AGGREGATE(15,6,ROW('[1]U$S'!$H$5:$H$1008)-ROW('[1]U$S'!$O$5)+1/--('[1]U$S'!$H$5:$H$1008=$L$5),ROWS($E$7:E36)),6))} -> 16949.15 | F36: =IF(E36="","",IF(E36>0,SUMIFS('[1]UY$'!$L$5:$L$993,'[1]UY$'!$O$5:$O$993,"Cambio",'[1]UY$'!$E$5:$E$993,'Efecto TC'!D36),"")) -> 750000 | G36: =IF(F36="","",F36/E36) -> 44.250007 | H36: =IF(E36="","",F36/$F$2-F36/G36) -> 907.99286 | I36: =IF(H36="","",+H36+I35) -> -10750.636 | K36: 44 | L36: =+N33-N36 -> 505014.26 | N36: =+$L$24/K36 -> 10605299 | R36: =E36/$E$1001 -> 0.0019915743 | S36: =R36*G36 -> 0.088127175
A37: =MONTH(D37) -> 12 | B37: =YEAR(D37) -> 2024 | D37: {=IF(ROWS($D$7:D37)>COUNTIF('[1]U$S'!$H$5:$H$1008,$L$5),"",INDEX(CuentaUS,_xlfn.AGGREGATE(15,6,ROW('[1]U$S'!$H$5:$H$1008)-ROW('[1]U$S'!$O$5)+1/--('[1]U$S'!$H$5:$H$1008=$L$5),ROWS($D$7:D37)),1))} -> 45644 | E37: {=IF(ROWS($E$7:E37)>COUNTIF('[1]U$S'!$H$5:$H$1008,$L$5),"",INDEX(CuentaUS,_xlfn.AGGREGATE(15,6,ROW('[1]U$S'!$H$5:$H$1008)-ROW('[1]U$S'!$O$5)+1/--('[1]U$S'!$H$5:$H$1008=$L$5),ROWS($E$7:E37)),6))} -> 14179.6 | F37: =IF(E37="","",IF(E37>0,SUMIFS('[1]UY$'!$L$5:$L$993,'[1]UY$'!$O$5:$O$993,"Cambio",'[1]UY$'!$E$5:$E$993,'Efecto TC'!D37),"")) -> 630000 | G37: =IF(F37="","",F37/E37) -> 44.430026 | H37: =IF(E37="","",F37/$F$2-F37/G37) -> 820.4 | I37: =IF(H37="","",+H37+I36) -> -9930.2362 | K37: 45 | L37: =+N33-N37 -> 740687.58 | N37: =+$L$24/K37 -> 10369626 | R37: =E37/$E$1001 -> 0.0016661441 | S37: =R37*G37 -> 0.074026827
A38: =MONTH(D38) -> 12 | B38: =YEAR(D38) -> 2024 | D38: {=IF(ROWS($D$7:D38)>COUNTIF('[1]U$S'!$H$5:$H$1008,$L$5),"",INDEX(CuentaUS,_xlfn.AGGREGATE(15,6,ROW('[1]U$S'!$H$5:$H$1008)-ROW('[1]U$S'!$O$5)+1/--('[1]U$S'!$H$5:$H$1008=$L$5),ROWS($D$7:D38)),1))} -> 45646 | E38: {=IF(ROWS($E$7:E38)>COUNTIF('[1]U$S'!$H$5:$H$1008,$L$5),"",INDEX(CuentaUS,_xlfn.AGGREGATE(15,6,ROW('[1]U$S'!$H$5:$H$1008)-ROW('[1]U$S'!$O$5)+1/--('[1]U$S'!$H$5:$H$1008=$L$5),ROWS($E$7:E38)),6))} -> 63091.48 | F38: =IF(E38="","",IF(E38>0,SUMIFS('[1]UY$'!$L$5:$L$993,'[1]UY$'!$O$5:$O$993,"Cambio",'[1]UY$'!$E$5:$E$993,'Efecto TC'!D38),"")) -> 2800000 | G38: =IF(F38="","",F38/E38) -> 44.380002 | H38: =IF(E38="","",F38/$F$2-F38/G38) -> 3575.1867 | I38: =IF(H38="","",+H38+I37) -> -6355.0495 | R38: =E38/$E$1001 -> 0.0074134319 | S38: =R38*G38 -> 0.32900812
A39: =MONTH(D39) -> 1 | B39: =YEAR(D39) -> 2025 | D39: {=IF(ROWS($D$7:D39)>COUNTIF('[1]U$S'!$H$5:$H$1008,$L$5),"",INDEX(CuentaUS,_xlfn.AGGREGATE(15,6,ROW('[1]U$S'!$H$5:$H$1008)-ROW('[1]U$S'!$O$5)+1/--('[1]U$S'!$H$5:$H$1008=$L$5),ROWS($D$7:D39)),1))} -> 45667 | E39: {=IF(ROWS($E$7:E39)>COUNTIF('[1]U$S'!$H$5:$H$1008,$L$5),"",INDEX(CuentaUS,_xlfn.AGGREGATE(15,6,ROW('[1]U$S'!$H$5:$H$1008)-ROW('[1]U$S'!$O$5)+1/--('[1]U$S'!$H$5:$H$1008=$L$5),ROWS($E$7:E39)),6))} -> 4566.21 | F39: =IF(E39="","",IF(E39>0,SUMIFS('[1]UY$'!$L$5:$L$993,'[1]UY$'!$O$5:$O$993,"Cambio",'[1]UY$'!$E$5:$E$993,'Efecto TC'!D39),"")) -> 200000 | G39: =IF(F39="","",F39/E39) -> 43.8 | H39: =IF(E39="","",F39/$F$2-F39/G39) -> 195.69476 | I39: =IF(H39="","",+H39+I38) -> -6159.3548 | R39: =E39/$E$1001 -> 0.00053654292 | S39: =R39*G39 -> 0.02350058
A40: =MONTH(D40) -> 1 | B40: =YEAR(D40) -> 2025 | D40: {=IF(ROWS($D$7:D40)>COUNTIF('[1]U$S'!$H$5:$H$1008,$L$5),"",INDEX(CuentaUS,_xlfn.AGGREGATE(15,6,ROW('[1]U$S'!$H$5:$H$1008)-ROW('[1]U$S'!$O$5)+1/--('[1]U$S'!$H$5:$H$1008=$L$5),ROWS($D$7:D40)),1))} -> 45671 | E40: {=IF(ROWS($E$7:E40)>COUNTIF('[1]U$S'!$H$5:$H$1008,$L$5),"",INDEX(CuentaUS,_xlfn.AGGREGATE(15,6,ROW('[1]U$S'!$H$5:$H$1008)-ROW('[1]U$S'!$O$5)+1/--('[1]U$S'!$H$5:$H$1008=$L$5),ROWS($E$7:E40)),6))} -> 1715.46 | F40: =IF(E40="","",IF(E40>0,SUMIFS('[1]UY$'!$L$5:$L$993,'[1]UY$'!$O$5:$O$993,"Cambio",'[1]UY$'!$E$5:$E$993,'Efecto TC'!D40),"")) -> 75000 | G40: =IF(F40="","",F40/E40) -> 43.720052 | H40: =IF(E40="","",F40/$F$2-F40/G40) -> 70.254286 | I40: =IF(H40="","",+H40+I39) -> -6089.1005 | R40: =E40/$E$1001 -> 0.00020157152 | S40: =R40*G40 -> 0.0088127175
A41: =MONTH(D41) -> 1 | B41: =YEAR(D41) -> 2025 | D41: {=IF(ROWS($D$7:D41)>COUNTIF('[1]U$S'!$H$5:$H$1008,$L$5),"",INDEX(CuentaUS,_xlfn.AGGREGATE(15,6,ROW('[1]U$S'!$H$5:$H$1008)-ROW('[1]U$S'!$O$5)+1/--('[1]U$S'!$H$5:$H$1008=$L$5),ROWS($D$7:D41)),1))} -> 45672 | E41: {=IF(ROWS($E$7:E41)>COUNTIF('[1]U$S'!$H$5:$H$1008,$L$5),"",INDEX(CuentaUS,_xlfn.AGGREGATE(15,6,ROW('[1]U$S'!$H$5:$H$1008)-ROW('[1]U$S'!$O$5)+1/--('[1]U$S'!$H$5:$H$1008=$L$5),ROWS($E$7:E41)),6))} -> 3199.26 | F41: =IF(E41="","",IF(E41>0,SUMIFS('[1]UY$'!$L$5:$L$993,'[1]UY$'!$O$5:$O$993,"Cambio",'[1]UY$'!$E$5:$E$993,'Efecto TC'!D41),"")) -> 140000 | G41: =IF(F41="","",F41/E41) -> 43.76012 | H41: =IF(E41="","",F41/$F$2-F41/G41) -> 134.07333 | I41: =IF(H41="","",+H41+I40) -> -5955.0271 | R41: =E41/$E$1001 -> 0.00037592233 | S41: =R41*G41 -> 0.016450406
A42: =MONTH(D42) -> 1 | B42: =YEAR(D42) -> 2025 | D42: {=IF(ROWS($D$7:D42)>COUNTIF('[1]U$S'!$H$5:$H$1008,$L$5),"",INDEX(CuentaUS,_xlfn.AGGREGATE(15,6,ROW('[1]U$S'!$H$5:$H$1008)-ROW('[1]U$S'!$O$5)+1/--('[1]U$S'!$H$5:$H$1008=$L$5),ROWS($D$7:D42)),1))} -> 45673 | E42: {=IF(ROWS($E$7:E42)>COUNTIF('[1]U$S'!$H$5:$H$1008,$L$5),"",INDEX(CuentaUS,_xlfn.AGGREGATE(15,6,ROW('[1]U$S'!$H$5:$H$1008)-ROW('[1]U$S'!$O$5)+1/--('[1]U$S'!$H$5:$H$1008=$L$5),ROWS($E$7:E42)),6))} -> 1141.55 | F42: =IF(E42="","",IF(E42>0,SUMIFS('[1]UY$'!$L$5:$L$993,'[1]UY$'!$O$5:$O$993,"Cambio",'[1]UY$'!$E$5:$E$993,'Efecto TC'!D42),"")) -> 50000 | G42: =IF(F42="","",F42/E42) -> 43.800096 | H42: =IF(E42="","",F42/$F$2-F42/G42) -> 48.92619 | I42: =IF(H42="","",+H42+I41) -> -5906.101 | R42: =E42/$E$1001 -> 0.00013413544 | S42: =R42*G42 -> 0.005875145
A43: =MONTH(D43) -> 1 | B43: =YEAR(D43) -> 2025 | D43: {=IF(ROWS($D$7:D43)>COUNTIF('[1]U$S'!$H$5:$H$1008,$L$5),"",INDEX(CuentaUS,_xlfn.AGGREGATE(15,6,ROW('[1]U$S'!$H$5:$H$1008)-ROW('[1]U$S'!$O$5)+1/--('[1]U$S'!$H$5:$H$1008=$L$5),ROWS($D$7:D43)),1))} -> 45681 | E43: {=IF(ROWS($E$7:E43)>COUNTIF('[1]U$S'!$H$5:$H$1008,$L$5),"",INDEX(CuentaUS,_xlfn.AGGREGATE(15,6,ROW('[1]U$S'!$H$5:$H$1008)-ROW('[1]U$S'!$O$5)+1/--('[1]U$S'!$H$5:$H$1008=$L$5),ROWS($E$7:E43)),6))} -> 2088.16 | F43: =IF(E43="","",IF(E43>0,SUMIFS('[1]UY$'!$L$5:$L$993,'[1]UY$'!$O$5:$O$993,"Cambio",'[1]UY$'!$E$5:$E$993,'Efecto TC'!D43),"")) -> 90000 | G43: =IF(F43="","",F43/E43) -> 43.100146 | H43: =IF(E43="","",F43/$F$2-F43/G43) -> 54.697143 | I43: =IF(H43="","",+H43+I42) -> -5851.4038 | R43: =E43/$E$1001 -> 0.00024536486 | S43: =R43*G43 -> 0.010575261
A44: =MONTH(D44) -> 1 | B44: =YEAR(D44) -> 2025 | D44: {=IF(ROWS($D$7:D44)>COUNTIF('[1]U$S'!$H$5:$H$1008,$L$5),"",INDEX(CuentaUS,_xlfn.AGGREGATE(15,6,ROW('[1]U$S'!$H$5:$H$1008)-ROW('[1]U$S'!$O$5)+1/--('[1]U$S'!$H$5:$H$1008=$L$5),ROWS($D$7:D44)),1))} -> 45686 | E44: {=IF(ROWS($E$7:E44)>COUNTIF('[1]U$S'!$H$5:$H$1008,$L$5),"",INDEX(CuentaUS,_xlfn.AGGREGATE(15,6,ROW('[1]U$S'!$H$5:$H$1008)-ROW('[1]U$S'!$O$5)+1/--('[1]U$S'!$H$5:$H$1008=$L$5),ROWS($E$7:E44)),6))} -> 1162.79 | F44: =IF(E44="","",IF(E44>0,SUMIFS('[1]UY$'!$L$5:$L$993,'[1]UY$'!$O$5:$O$993,"Cambio",'[1]UY$'!$E$5:$E$993,'Efecto TC'!D44),"")) -> 50000 | G44: =IF(F44="","",F44/E44) -> 43.000026 | H44: =IF(E44="","",F44/$F$2-F44/G44) -> 27.68619 | I44: =IF(H44="","",+H44+I43) -> -5823.7176 | R44: =E44/$E$1001 -> 0.0001366312 | S44: =R44*G44 -> 0.005875145
A45: =MONTH(D45) -> 2 | B45: =YEAR(D45) -> 2025 | D45: {=IF(ROWS($D$7:D45)>COUNTIF('[1]U$S'!$H$5:$H$1008,$L$5),"",INDEX(CuentaUS,_xlfn.AGGREGATE(15,6,ROW('[1]U$S'!$H$5:$H$1008)-ROW('[1]U$S'!$O$5)+1/--('[1]U$S'!$H$5:$H$1008=$L$5),ROWS($D$7:D45)),1))} -> 45698 | E45: {=IF(ROWS($E$7:E45)>COUNTIF('[1]U$S'!$H$5:$H$1008,$L$5),"",INDEX(CuentaUS,_xlfn.AGGREGATE(15,6,ROW('[1]U$S'!$H$5:$H$1008)-ROW('[1]U$S'!$O$5)+1/--('[1]U$S'!$H$5:$H$1008=$L$5),ROWS($E$7:E45)),6))} -> 54272.52 | F45: =IF(E45="","",IF(E45>0,SUMIFS('[1]UY$'!$L$5:$L$993,'[1]UY$'!$O$5:$O$993,"Cambio",'[1]UY$'!$E$5:$E$993,'Efecto TC'!D45),"")) -> 2350000 | G45: =IF(F45="","",F45/E45) -> 43.299998 | H45: =IF(E45="","",F45/$F$2-F45/G45) -> 1679.861 | I45: =IF(H45="","",+H45+I44) -> -4143.8567 | R45: =E45/$E$1001 -> 0.0063771785 | S45: =R45*G45 -> 0.27613181
A46: =MONTH(D46) -> 2 | B46: =YEAR(D46) -> 2025 | D46: {=IF(ROWS($D$7:D46)>COUNTIF('[1]U$S'!$H$5:$H$1008,$L$5),"",INDEX(CuentaUS,_xlfn.AGGREGATE(15,6,ROW('[1]U$S'!$H$5:$H$1008)-ROW('[1]U$S'!$O$5)+1/--('[1]U$S'!$H$5:$H$1008=$L$5),ROWS($D$7:D46)),1))} -> 45714 | E46: {=IF(ROWS($E$7:E46)>COUNTIF('[1]U$S'!$H$5:$H$1008,$L$5),"",INDEX(CuentaUS,_xlfn.AGGREGATE(15,6,ROW('[1]U$S'!$H$5:$H$1008)-ROW('[1]U$S'!$O$5)+1/--('[1]U$S'!$H$5:$H$1008=$L$5),ROWS($E$7:E46)),6))} -> 68203.3 | F46: =IF(E46="","",IF(E46>0,SUMIFS('[1]UY$'!$L$5:$L$993,'[1]UY$'!$O$5:$O$993,"Cambio",'[1]UY$'!$E$5:$E$993,'Efecto TC'!D46),"")) -> 2885000 | G46: =IF(F46="","",F46/E46) -> 42.300006 | H46: =IF(E46="","",F46/$F$2-F46/G46) -> 487.17619 | I46: =IF(H46="","",+H46+I45) -> -3656.6805 | R46: =E46/$E$1001 -> 0.0080140855 | S46: =R46*G46 -> 0.33899587
A47: =MONTH(D47) -> 3 | B47: =YEAR(D47) -> 2025 | D47: {=IF(ROWS($D$7:D47)>COUNTIF('[1]U$S'!$H$5:$H$1008,$L$5),"",INDEX(CuentaUS,_xlfn.AGGREGATE(15,6,ROW('[1]U$S'!$H$5:$H$1008)-ROW('[1]U$S'!$O$5)+1/--('[1]U$S'!$H$5:$H$1008=$L$5),ROWS($D$7:D47)),1))} -> 45736 | E47: {=IF(ROWS($E$7:E47)>COUNTIF('[1]U$S'!$H$5:$H$1008,$L$5),"",INDEX(CuentaUS,_xlfn.AGGREGATE(15,6,ROW('[1]U$S'!$H$5:$H$1008)-ROW('[1]U$S'!$O$5)+1/--('[1]U$S'!$H$5:$H$1008=$L$5),ROWS($E$7:E47)),6))} -> 166270.78 | F47: =IF(E47="","",IF(E47>0,SUMIFS('[1]UY$'!$L$5:$L$993,'[1]UY$'!$O$5:$O$993,"Cambio",'[1]UY$'!$E$5:$E$993,'Efecto TC'!D47),"")) -> 7000000 | G47: =IF(F47="","",F47/E47) -> 42.100001 | H47: =IF(E47="","",F47/$F$2-F47/G47) -> 395.88667 | I47: =IF(H47="","",+H47+I46) -> -3260.7938 | R47: =E47/$E$1001 -> 0.019537299 | S47: =R47*G47 -> 0.8225203
A48: =MONTH(D48) -> 3 | B48: =YEAR(D48) -> 2025 | D48: {=IF(ROWS($D$7:D48)>COUNTIF('[1]U$S'!$H$5:$H$1008,$L$5),"",INDEX(CuentaUS,_xlfn.AGGREGATE(15,6,ROW('[1]U$S'!$H$5:$H$1008)-ROW('[1]U$S'!$O$5)+1/--('[1]U$S'!$H$5:$H$1008=$L$5),ROWS($D$7:D48)),1))} -> 45740 | E48: {=IF(ROWS($E$7:E48)>COUNTIF('[1]U$S'!$H$5:$H$1008,$L$5),"",INDEX(CuentaUS,_xlfn.AGGREGATE(15,6,ROW('[1]U$S'!$H$5:$H$1008)-ROW('[1]U$S'!$O$5)+1/--('[1]U$S'!$H$5:$H$1008=$L$5),ROWS($E$7:E48)),6))} -> 35671.82 | F48: =IF(E48="","",IF(E48>0,SUMIFS('[1]UY$'!$L$5:$L$993,'[1]UY$'!$O$5:$O$993,"Cambio",'[1]UY$'!$E$5:$E$993,'Efecto TC'!D48),"")) -> 1500000 | G48: =IF(F48="","",F48/E48) -> 42.049999 | H48: =IF(E48="","",F48/$F$2-F48/G48) -> 42.465714 | I48: =IF(H48="","",+H48+I47) -> -3218.3281 | R48: =E48/$E$1001 -> 0.0041915423 | S48: =R48*G48 -> 0.17625435
A49: =MONTH(D49) -> 3 | B49: =YEAR(D49) -> 2025 | D49: {=IF(ROWS($D$7:D49)>COUNTIF('[1]U$S'!$H$5:$H$1008,$L$5),"",INDEX(CuentaUS,_xlfn.AGGREGATE(15,6,ROW('[1]U$S'!$H$5:$H$1008)-ROW('[1]U$S'!$O$5)+1/--('[1]U$S'!$H$5:$H$1008=$L$5),ROWS($D$7:D49)),1))} -> 45744 | E49: {=IF(ROWS($E$7:E49)>COUNTIF('[1]U$S'!$H$5:$H$1008,$L$5),"",INDEX(CuentaUS,_xlfn.AGGREGATE(15,6,ROW('[1]U$S'!$H$5:$H$1008)-ROW('[1]U$S'!$O$5)+1/--('[1]U$S'!$H$5:$H$1008=$L$5),ROWS($E$7:E49)),6))} -> 76190.48 | F49: =IF(E49="","",IF(E49>0,SUMIFS('[1]UY$'!$L$5:$L$993,'[1]UY$'!$O$5:$O$993,"Cambio",'[1]UY$'!$E$5:$E$993,'Efecto TC'!D49),"")) -> 3200000 | G49: =IF(F49="","",F49/E49) -> 41.999998 | H49: =IF(E49="","",F49/$F$2-F49/G49) -> -0.0038095238 | I49: =IF(H49="","",+H49+I48) -> -3218.3319 | R49: =E49/$E$1001 -> 0.0089526023 | S49: =R49*G49 -> 0.37600928
... A65: =MONTH(D65) -> 5 | B65: =YEAR(D65) -> 2025 | D65: {=IF(ROWS($D$7:D65)>COUNTIF('[1]U$S'!$H$5:$H$1008,$L$5),"",INDEX(CuentaUS,_xlfn.AGGREGATE(15,6,ROW('[1]U$S'!$H$5:$H$1008)-ROW('[1]U$S'!$O$5)+1/--('[1]U$S'!$H$5:$H$1008=$L$5),ROWS($D$7:D65)),1))} -> 45804 | E65: {=IF(ROWS($E$7:E65)>COUNTIF('[1]U$S'!$H$5:$H$1008,$L$5),"",INDEX(CuentaUS,_xlfn.AGGREGATE(15,6,ROW('[1]U$S'!$H$5:$H$1008)-ROW('[1]U$S'!$O$5)+1/--('[1]U$S'!$H$5:$H$1008=$L$5),ROWS($E$7:E65)),6))} -> 216525.93 | F65: =IF(E65="","",IF(E65>0,SUMIFS('[1]UY$'!$L$5:$L$993,'[1]UY$'!$O$5:$O$993,"Cambio",'[1]UY$'!$E$5:$E$993,'Efecto TC'!D65),"")) -> 8975000 | G65: =IF(F65="","",F65/E65) -> 41.450001 | H65: =IF(E65="","",F65/$F$2-F65/G65) -> -2835.4538 | I65: =IF(H65="","",+H65+I64) -> -1863.7548 | R65: =E65/$E$1001 -> 0.025442425 | S65: =R65*G65 -> 1.0545885
A66: =MONTH(D66) -> 5 | B66: =YEAR(D66) -> 2025 | D66: {=IF(ROWS($D$7:D66)>COUNTIF('[1]U$S'!$H$5:$H$1008,$L$5),"",INDEX(CuentaUS,_xlfn.AGGREGATE(15,6,ROW('[1]U$S'!$H$5:$H$1008)-ROW('[1]U$S'!$O$5)+1/--('[1]U$S'!$H$5:$H$1008=$L$5),ROWS($D$7:D66)),1))} -> 45807 | E66: {=IF(ROWS($E$7:E66)>COUNTIF('[1]U$S'!$H$5:$H$1008,$L$5),"",INDEX(CuentaUS,_xlfn.AGGREGATE(15,6,ROW('[1]U$S'!$H$5:$H$1008)-ROW('[1]U$S'!$O$5)+1/--('[1]U$S'!$H$5:$H$1008=$L$5),ROWS($E$7:E66)),6))} -> 3617.07 | F66: =IF(E66="","",IF(E66>0,SUMIFS('[1]UY$'!$L$5:$L$993,'[1]UY$'!$O$5:$O$993,"Cambio",'[1]UY$'!$E$5:$E$993,'Efecto TC'!D66),"")) -> 150000 | G66: =IF(F66="","",F66/E66) -> 41.47003 | H66: =IF(E66="","",F66/$F$2-F66/G66) -> -45.641429 | I66: =IF(H66="","",+H66+I65) -> -1909.3962 | K66: 401356 | R66: =E66/$E$1001 -> 0.00042501621 | S66: =R66*G66 -> 0.017625435
A67: =MONTH(D67) -> 6 | B67: =YEAR(D67) -> 2025 | D67: {=IF(ROWS($D$7:D67)>COUNTIF('[1]U$S'!$H$5:$H$1008,$L$5),"",INDEX(CuentaUS,_xlfn.AGGREGATE(15,6,ROW('[1]U$S'!$H$5:$H$1008)-ROW('[1]U$S'!$O$5)+1/--('[1]U$S'!$H$5:$H$1008=$L$5),ROWS($D$7:D67)),1))} -> 45812 | E67: {=IF(ROWS($E$7:E67)>COUNTIF('[1]U$S'!$H$5:$H$1008,$L$5),"",INDEX(CuentaUS,_xlfn.AGGREGATE(15,6,ROW('[1]U$S'!$H$5:$H$1008)-ROW('[1]U$S'!$O$5)+1/--('[1]U$S'!$H$5:$H$1008=$L$5),ROWS($E$7:E67)),6))} -> 3690.03 | F67: =IF(E67="","",IF(E67>0,SUMIFS('[1]UY$'!$L$5:$L$993,'[1]UY$'!$O$5:$O$993,"Cambio",'[1]UY$'!$E$5:$E$993,'Efecto TC'!D67),"")) -> 150000 | G67: =IF(F67="","",F67/E67) -> 40.650076 | H67: =IF(E67="","",F67/$F$2-F67/G67) -> -118.60143 | I67: =IF(H67="","",+H67+I66) -> -2027.9976 | K67: 16000000 | R67: =E67/$E$1001 -> 0.00043358923 | S67: =R67*G67 -> 0.017625435
A68: =MONTH(D68) -> 6 | B68: =YEAR(D68) -> 2025 | D68: {=IF(ROWS($D$7:D68)>COUNTIF('[1]U$S'!$H$5:$H$1008,$L$5),"",INDEX(CuentaUS,_xlfn.AGGREGATE(15,6,ROW('[1]U$S'!$H$5:$H$1008)-ROW('[1]U$S'!$O$5)+1/--('[1]U$S'!$H$5:$H$1008=$L$5),ROWS($D$7:D68)),1))} -> 45813 | E68: {=IF(ROWS($E$7:E68)>COUNTIF('[1]U$S'!$H$5:$H$1008,$L$5),"",INDEX(CuentaUS,_xlfn.AGGREGATE(15,6,ROW('[1]U$S'!$H$5:$H$1008)-ROW('[1]U$S'!$O$5)+1/--('[1]U$S'!$H$5:$H$1008=$L$5),ROWS($E$7:E68)),6))} -> 6782.51 | F68: =IF(E68="","",IF(E68>0,SUMIFS('[1]UY$'!$L$5:$L$993,'[1]UY$'!$O$5:$O$993,"Cambio",'[1]UY$'!$E$5:$E$993,'Efecto TC'!D68),"")) -> 280000 | G68: =IF(F68="","",F68/E68) -> 41.282652 | H68: =IF(E68="","",F68/$F$2-F68/G68) -> -115.84333 | I68: =IF(H68="","",+H68+I67) -> -2143.841 | R68: =E68/$E$1001 -> 0.00079696459 | S68: =R68*G68 -> 0.032900812
A69: =MONTH(D69) -> 6 | B69: =YEAR(D69) -> 2025 | D69: {=IF(ROWS($D$7:D69)>COUNTIF('[1]U$S'!$H$5:$H$1008,$L$5),"",INDEX(CuentaUS,_xlfn.AGGREGATE(15,6,ROW('[1]U$S'!$H$5:$H$1008)-ROW('[1]U$S'!$O$5)+1/--('[1]U$S'!$H$5:$H$1008=$L$5),ROWS($D$7:D69)),1))} -> 45814 | E69: {=IF(ROWS($E$7:E69)>COUNTIF('[1]U$S'!$H$5:$H$1008,$L$5),"",INDEX(CuentaUS,_xlfn.AGGREGATE(15,6,ROW('[1]U$S'!$H$5:$H$1008)-ROW('[1]U$S'!$O$5)+1/--('[1]U$S'!$H$5:$H$1008=$L$5),ROWS($E$7:E69)),6))} -> 2908.38 | F69: =IF(E69="","",IF(E69>0,SUMIFS('[1]UY$'!$L$5:$L$993,'[1]UY$'!$O$5:$O$993,"Cambio",'[1]UY$'!$E$5:$E$993,'Efecto TC'!D69),"")) -> 120000 | G69: =IF(F69="","",F69/E69) -> 41.260083 | H69: =IF(E69="","",F69/$F$2-F69/G69) -> -51.237143 | I69: =IF(H69="","",+H69+I68) -> -2195.0781 | K69: =+K67/K66 -> 39.864858 | R69: =E69/$E$1001 -> 0.00034174308 | S69: =R69*G69 -> 0.014100348
A70: =MONTH(D70) -> 6 | B70: =YEAR(D70) -> 2025 | D70: {=IF(ROWS($D$7:D70)>COUNTIF('[1]U$S'!$H$5:$H$1008,$L$5),"",INDEX(CuentaUS,_xlfn.AGGREGATE(15,6,ROW('[1]U$S'!$H$5:$H$1008)-ROW('[1]U$S'!$O$5)+1/--('[1]U$S'!$H$5:$H$1008=$L$5),ROWS($D$7:D70)),1))} -> 45831 | E70: {=IF(ROWS($E$7:E70)>COUNTIF('[1]U$S'!$H$5:$H$1008,$L$5),"",INDEX(CuentaUS,_xlfn.AGGREGATE(15,6,ROW('[1]U$S'!$H$5:$H$1008)-ROW('[1]U$S'!$O$5)+1/--('[1]U$S'!$H$5:$H$1008=$L$5),ROWS($E$7:E70)),6))} -> 62189.05 | F70: =IF(E70="","",IF(E70>0,SUMIFS('[1]UY$'!$L$5:$L$993,'[1]UY$'!$O$5:$O$993,"Cambio",'[1]UY$'!$E$5:$E$993,'Efecto TC'!D70),"")) -> 2500000 | G70: =IF(F70="","",F70/E70) -> 40.200003 | H70: =IF(E70="","",F70/$F$2-F70/G70) -> -2665.2405 | I70: =IF(H70="","",+H70+I69) -> -4860.3186 | R70: =E70/$E$1001 -> 0.0073073937 | S70: =R70*G70 -> 0.29375725
A71: =MONTH(D71) -> 6 | B71: =YEAR(D71) -> 2025 | D71: {=IF(ROWS($D$7:D71)>COUNTIF('[1]U$S'!$H$5:$H$1008,$L$5),"",INDEX(CuentaUS,_xlfn.AGGREGATE(15,6,ROW('[1]U$S'!$H$5:$H$1008)-ROW('[1]U$S'!$O$5)+1/--('[1]U$S'!$H$5:$H$1008=$L$5),ROWS($D$7:D71)),1))} -> 45835 | E71: {=IF(ROWS($E$7:E71)>COUNTIF('[1]U$S'!$H$5:$H$1008,$L$5),"",INDEX(CuentaUS,_xlfn.AGGREGATE(15,6,ROW('[1]U$S'!$H$5:$H$1008)-ROW('[1]U$S'!$O$5)+1/--('[1]U$S'!$H$5:$H$1008=$L$5),ROWS($E$7:E71)),6))} -> 325786.16 | F71: =IF(E71="","",IF(E71>0,SUMIFS('[1]UY$'!$L$5:$L$993,'[1]UY$'!$O$5:$O$993,"Cambio",'[1]UY$'!$E$5:$E$993,'Efecto TC'!D71),"")) -> 12950000 | G71: =IF(F71="","",F71/E71) -> 39.75 | H71: =IF(E71="","",F71/$F$2-F71/G71) -> -17452.827 | I71: =IF(H71="","",+H71+I70) -> -22313.145 | K71: 466120 | R71: =E71/$E$1001 -> 0.038280819 | S71: =R71*G71 -> 1.5216626
A72: =MONTH(D72) -> 7 | B72: =YEAR(D72) -> 2025 | D72: {=IF(ROWS($D$7:D72)>COUNTIF('[1]U$S'!$H$5:$H$1008,$L$5),"",INDEX(CuentaUS,_xlfn.AGGREGATE(15,6,ROW('[1]U$S'!$H$5:$H$1008)-ROW('[1]U$S'!$O$5)+1/--('[1]U$S'!$H$5:$H$1008=$L$5),ROWS($D$7:D72)),1))} -> 45845 | E72: {=IF(ROWS($E$7:E72)>COUNTIF('[1]U$S'!$H$5:$H$1008,$L$5),"",INDEX(CuentaUS,_xlfn.AGGREGATE(15,6,ROW('[1]U$S'!$H$5:$H$1008)-ROW('[1]U$S'!$O$5)+1/--('[1]U$S'!$H$5:$H$1008=$L$5),ROWS($E$7:E72)),6))} -> 15644.4 | F72: =IF(E72="","",IF(E72>0,SUMIFS('[1]UY$'!$L$5:$L$993,'[1]UY$'!$O$5:$O$993,"Cambio",'[1]UY$'!$E$5:$E$993,'Efecto TC'!D72),"")) -> 630000 | G72: =IF(F72="","",F72/E72) -> 40.270001 | H72: =IF(E72="","",F72/$F$2-F72/G72) -> -644.4 | I72: =IF(H72="","",+H72+I71) -> -22957.545 | K72: 19345000 | R72: =E72/$E$1001 -> 0.0018382624 | S72: =R72*G72 -> 0.074026827
A73: =MONTH(D73) -> 7 | B73: =YEAR(D73) -> 2025 | D73: {=IF(ROWS($D$7:D73)>COUNTIF('[1]U$S'!$H$5:$H$1008,$L$5),"",INDEX(CuentaUS,_xlfn.AGGREGATE(15,6,ROW('[1]U$S'!$H$5:$H$1008)-ROW('[1]U$S'!$O$5)+1/--('[1]U$S'!$H$5:$H$1008=$L$5),ROWS($D$7:D73)),1))} -> 45847 | E73: {=IF(ROWS($E$7:E73)>COUNTIF('[1]U$S'!$H$5:$H$1008,$L$5),"",INDEX(CuentaUS,_xlfn.AGGREGATE(15,6,ROW('[1]U$S'!$H$5:$H$1008)-ROW('[1]U$S'!$O$5)+1/--('[1]U$S'!$H$5:$H$1008=$L$5),ROWS($E$7:E73)),6))} -> 7080.74 | F73: =IF(E73="","",IF(E73>0,SUMIFS('[1]UY$'!$L$5:$L$993,'[1]UY$'!$O$5:$O$993,"Cambio",'[1]UY$'!$E$5:$E$993,'Efecto TC'!D73),"")) -> 285000 | G73: =IF(F73="","",F73/E73) -> 40.25003 | H73: =IF(E73="","",F73/$F$2-F73/G73) -> -295.02571 | I73: =IF(H73="","",+H73+I72) -> -23252.571 | R73: =E73/$E$1001 -> 0.00083200748 | S73: =R73*G73 -> 0.033488326
A74: =MONTH(D74) -> 7 | B74: =YEAR(D74) -> 2025 | D74: {=IF(ROWS($D$7:D74)>COUNTIF('[1]U$S'!$H$5:$H$1008,$L$5),"",INDEX(CuentaUS,_xlfn.AGGREGATE(15,6,ROW('[1]U$S'!$H$5:$H$1008)-ROW('[1]U$S'!$O$5)+1/--('[1]U$S'!$H$5:$H$1008=$L$5),ROWS($D$7:D74)),1))} -> 45859 | E74: {=IF(ROWS($E$7:E74)>COUNTIF('[1]U$S'!$H$5:$H$1008,$L$5),"",INDEX(CuentaUS,_xlfn.AGGREGATE(15,6,ROW('[1]U$S'!$H$5:$H$1008)-ROW('[1]U$S'!$O$5)+1/--('[1]U$S'!$H$5:$H$1008=$L$5),ROWS($E$7:E74)),6))} -> 336579.28 | F74: =IF(E74="","",IF(E74>0,SUMIFS('[1]UY$'!$L$5:$L$993,'[1]UY$'!$O$5:$O$993,"Cambio",'[1]UY$'!$E$5:$E$993,'Efecto TC'!D74),"")) -> 13480000 | G74: =IF(F74="","",F74/E74) -> 40.05 | H74: =IF(E74="","",F74/$F$2-F74/G74) -> -15626.899 | I74: =IF(H74="","",+H74+I73) -> -38879.47 | K74: =+K72/K71 -> 41.502188 | R74: =E74/$E$1001 -> 0.039549041 | S74: =R74*G74 -> 1.5839391
A75: =MONTH(D75) -> 7 | B75: =YEAR(D75) -> 2025 | D75: {=IF(ROWS($D$7:D75)>COUNTIF('[1]U$S'!$H$5:$H$1008,$L$5),"",INDEX(CuentaUS,_xlfn.AGGREGATE(15,6,ROW('[1]U$S'!$H$5:$H$1008)-ROW('[1]U$S'!$O$5)+1/--('[1]U$S'!$H$5:$H$1008=$L$5),ROWS($D$7:D75)),1))} -> 45860 | E75: {=IF(ROWS($E$7:E75)>COUNTIF('[1]U$S'!$H$5:$H$1008,$L$5),"",INDEX(CuentaUS,_xlfn.AGGREGATE(15,6,ROW('[1]U$S'!$H$5:$H$1008)-ROW('[1]U$S'!$O$5)+1/--('[1]U$S'!$H$5:$H$1008=$L$5),ROWS($E$7:E75)),6))} -> 69563.03 | F75: =IF(E75="","",IF(E75>0,SUMIFS('[1]UY$'!$L$5:$L$993,'[1]UY$'!$O$5:$O$993,"Cambio",'[1]UY$'!$E$5:$E$993,'Efecto TC'!D75),"")) -> 2770000 | G75: =IF(F75="","",F75/E75) -> 39.820002 | H75: =IF(E75="","",F75/$F$2-F75/G75) -> -3610.649 | I75: =IF(H75="","",+H75+I74) -> -42490.119 | R75: =E75/$E$1001 -> 0.0081738578 | S75: =R75*G75 -> 0.32548303
A76: =MONTH(D76) -> 7 | B76: =YEAR(D76) -> 2025 | D76: {=IF(ROWS($D$7:D76)>COUNTIF('[1]U$S'!$H$5:$H$1008,$L$5),"",INDEX(CuentaUS,_xlfn.AGGREGATE(15,6,ROW('[1]U$S'!$H$5:$H$1008)-ROW('[1]U$S'!$O$5)+1/--('[1]U$S'!$H$5:$H$1008=$L$5),ROWS($D$7:D76)),1))} -> 45868 | E76: {=IF(ROWS($E$7:E76)>COUNTIF('[1]U$S'!$H$5:$H$1008,$L$5),"",INDEX(CuentaUS,_xlfn.AGGREGATE(15,6,ROW('[1]U$S'!$H$5:$H$1008)-ROW('[1]U$S'!$O$5)+1/--('[1]U$S'!$H$5:$H$1008=$L$5),ROWS($E$7:E76)),6))} -> 45386.57 | F76: =IF(E76="","",IF(E76>0,SUMIFS('[1]UY$'!$L$5:$L$993,'[1]UY$'!$O$5:$O$993,"Cambio",'[1]UY$'!$E$5:$E$993,'Efecto TC'!D76),"")) -> 1815000 | G76: =IF(F76="","",F76/E76) -> 39.989803 | H76: =IF(E76="","",F76/$F$2-F76/G76) -> -2172.2843 | I76: =IF(H76="","",+H76+I75) -> -44662.403 | R76: =E76/$E$1001 -> 0.0053330536 | S76: =R76*G76 -> 0.21326776
A77: =MONTH(D77) -> 8 | B77: =YEAR(D77) -> 2025 | D77: {=IF(ROWS($D$7:D77)>COUNTIF('[1]U$S'!$H$5:$H$1008,$L$5),"",INDEX(CuentaUS,_xlfn.AGGREGATE(15,6,ROW('[1]U$S'!$H$5:$H$1008)-ROW('[1]U$S'!$O$5)+1/--('[1]U$S'!$H$5:$H$1008=$L$5),ROWS($D$7:D77)),1))} -> 45876 | E77: {=IF(ROWS($E$7:E77)>COUNTIF('[1]U$S'!$H$5:$H$1008,$L$5),"",INDEX(CuentaUS,_xlfn.AGGREGATE(15,6,ROW('[1]U$S'!$H$5:$H$1008)-ROW('[1]U$S'!$O$5)+1/--('[1]U$S'!$H$5:$H$1008=$L$5),ROWS($E$7:E77)),6))} -> 2006.01 | F77: =IF(E77="","",IF(E77>0,SUMIFS('[1]UY$'!$L$5:$L$993,'[1]UY$'!$O$5:$O$993,"Cambio",'[1]UY$'!$E$5:$E$993,'Efecto TC'!D77),"")) -> 80000 | G77: =IF(F77="","",F77/E77) -> 39.88016 | H77: =IF(E77="","",F77/$F$2-F77/G77) -> -101.2481 | I77: =IF(H77="","",+H77+I76) -> -44763.651 | R77: =E77/$E$1001 -> 0.00023571199 | S77: =R77*G77 -> 0.009400232
A78: =MONTH(D78) -> 8 | B78: =YEAR(D78) -> 2025 | D78: {=IF(ROWS($D$7:D78)>COUNTIF('[1]U$S'!$H$5:$H$1008,$L$5),"",INDEX(CuentaUS,_xlfn.AGGREGATE(15,6,ROW('[1]U$S'!$H$5:$H$1008)-ROW('[1]U$S'!$O$5)+1/--('[1]U$S'!$H$5:$H$1008=$L$5),ROWS($D$7:D78)),1))} -> 45890 | E78: {=IF(ROWS($E$7:E78)>COUNTIF('[1]U$S'!$H$5:$H$1008,$L$5),"",INDEX(CuentaUS,_xlfn.AGGREGATE(15,6,ROW('[1]U$S'!$H$5:$H$1008)-ROW('[1]U$S'!$O$5)+1/--('[1]U$S'!$H$5:$H$1008=$L$5),ROWS($E$7:E78)),6))} -> 69709.12 | F78: =IF(E78="","",IF(E78>0,SUMIFS('[1]UY$'!$L$5:$L$993,'[1]UY$'!$O$5:$O$993,"Cambio",'[1]UY$'!$E$5:$E$993,'Efecto TC'!D78),"")) -> 2780000 | G78: =IF(F78="","",F78/E78) -> 39.880004 | H78: =IF(E78="","",F78/$F$2-F78/G78) -> -3518.6438 | I78: =IF(H78="","",+H78+I77) -> -48282.295 | R78: =E78/$E$1001 -> 0.0081910237 | S78: =R78*G78 -> 0.32665806
A79: =MONTH(D79) -> 8 | B79: =YEAR(D79) -> 2025 | D79: {=IF(ROWS($D$7:D79)>COUNTIF('[1]U$S'!$H$5:$H$1008,$L$5),"",INDEX(CuentaUS,_xlfn.AGGREGATE(15,6,ROW('[1]U$S'!$H$5:$H$1008)-ROW('[1]U$S'!$O$5)+1/--('[1]U$S'!$H$5:$H$1008=$L$5),ROWS($D$7:D79)),1))} -> 45891 | E79: {=IF(ROWS($E$7:E79)>COUNTIF('[1]U$S'!$H$5:$H$1008,$L$5),"",INDEX(CuentaUS,_xlfn.AGGREGATE(15,6,ROW('[1]U$S'!$H$5:$H$1008)-ROW('[1]U$S'!$O$5)+1/--('[1]U$S'!$H$5:$H$1008=$L$5),ROWS($E$7:E79)),6))} -> 5403.36 | F79: =IF(E79="","",IF(E79>0,SUMIFS('[1]UY$'!$L$5:$L$993,'[1]UY$'!$O$5:$O$993,"Cambio",'[1]UY$'!$E$5:$E$993,'Efecto TC'!D79),"")) -> 215000 | G79: =IF(F79="","",F79/E79) -> 39.790057 | H79: =IF(E79="","",F79/$F$2-F79/G79) -> -284.31238 | I79: =IF(H79="","",+H79+I78) -> -48566.608 | L79: 443928 | R79: =E79/$E$1001 -> 0.00063491047 | S79: =R79*G79 -> 0.025263123
A80: =MONTH(D80) -> 8 | B80: =YEAR(D80) -> 2025 | D80: {=IF(ROWS($D$7:D80)>COUNTIF('[1]U$S'!$H$5:$H$1008,$L$5),"",INDEX(CuentaUS,_xlfn.AGGREGATE(15,6,ROW('[1]U$S'!$H$5:$H$1008)-ROW('[1]U$S'!$O$5)+1/--('[1]U$S'!$H$5:$H$1008=$L$5),ROWS($D$7:D80)),1))} -> 45896 | E80: {=IF(ROWS($E$7:E80)>COUNTIF('[1]U$S'!$H$5:$H$1008,$L$5),"",INDEX(CuentaUS,_xlfn.AGGREGATE(15,6,ROW('[1]U$S'!$H$5:$H$1008)-ROW('[1]U$S'!$O$5)+1/--('[1]U$S'!$H$5:$H$1008=$L$5),ROWS($E$7:E80)),6))} -> 351337.74 | F80: =IF(E80="","",IF(E80>0,SUMIFS('[1]UY$'!$L$5:$L$993,'[1]UY$'!$O$5:$O$993,"Cambio",'[1]UY$'!$E$5:$E$993,'Efecto TC'!D80),"")) -> 14025000 | G80: =IF(F80="","",F80/E80) -> 39.918854 | H80: =IF(E80="","",F80/$F$2-F80/G80) -> -17409.169 | I80: =IF(H80="","",+H80+I79) -> -65975.776 | R80: =E80/$E$1001 -> 0.041283203 | S80: =R80*G80 -> 1.6479782
A81: =MONTH(D81) -> 8 | B81: =YEAR(D81) -> 2025 | D81: {=IF(ROWS($D$7:D81)>COUNTIF('[1]U$S'!$H$5:$H$1008,$L$5),"",INDEX(CuentaUS,_xlfn.AGGREGATE(15,6,ROW('[1]U$S'!$H$5:$H$1008)-ROW('[1]U$S'!$O$5)+1/--('[1]U$S'!$H$5:$H$1008=$L$5),ROWS($D$7:D81)),1))} -> 45898 | E81: {=IF(ROWS($E$7:E81)>COUNTIF('[1]U$S'!$H$5:$H$1008,$L$5),"",INDEX(CuentaUS,_xlfn.AGGREGATE(15,6,ROW('[1]U$S'!$H$5:$H$1008)-ROW('[1]U$S'!$O$5)+1/--('[1]U$S'!$H$5:$H$1008=$L$5),ROWS($E$7:E81)),6))} -> 15471.69 | F81: =IF(E81="","",IF(E81>0,SUMIFS('[1]UY$'!$L$5:$L$993,'[1]UY$'!$O$5:$O$993,"Cambio",'[1]UY$'!$E$5:$E$993,'Efecto TC'!D81),"")) -> 615000 | G81: =IF(F81="","",F81/E81) -> 39.750021 | H81: =IF(E81="","",F81/$F$2-F81/G81) -> -828.83286 | I81: =IF(H81="","",+H81+I80) -> -66804.609 | L81: 17715000 | R81: =E81/$E$1001 -> 0.0018179684 | S81: =R81*G81 -> 0.072264283
A82: =MONTH(D82) -> 9 | B82: =YEAR(D82) -> 2025 | D82: {=IF(ROWS($D$7:D82)>COUNTIF('[1]U$S'!$H$5:$H$1008,$L$5),"",INDEX(CuentaUS,_xlfn.AGGREGATE(15,6,ROW('[1]U$S'!$H$5:$H$1008)-ROW('[1]U$S'!$O$5)+1/--('[1]U$S'!$H$5:$H$1008=$L$5),ROWS($D$7:D82)),1))} -> 45919 | E82: {=IF(ROWS($E$7:E82)>COUNTIF('[1]U$S'!$H$5:$H$1008,$L$5),"",INDEX(CuentaUS,_xlfn.AGGREGATE(15,6,ROW('[1]U$S'!$H$5:$H$1008)-ROW('[1]U$S'!$O$5)+1/--('[1]U$S'!$H$5:$H$1008=$L$5),ROWS($E$7:E82)),6))} -> 595921.45 | F82: =IF(E82="","",IF(E82>0,SUMIFS('[1]UY$'!$L$5:$L$993,'[1]UY$'!$O$5:$O$993,"Cambio",'[1]UY$'!$E$5:$E$993,'Efecto TC'!D82),"")) -> 23670000 | G82: =IF(F82="","",F82/E82) -> 39.72 | H82: =IF(E82="","",F82/$F$2-F82/G82) -> -32350.021 | I82: =IF(H82="","",+H82+I81) -> -99154.63 | R82: =E82/$E$1001 -> 0.070022498 | S82: =R82*G82 -> 2.7812936
A83: =MONTH(D83) -> 9 | B83: =YEAR(D83) -> 2025 | D83: {=IF(ROWS($D$7:D83)>COUNTIF('[1]U$S'!$H$5:$H$1008,$L$5),"",INDEX(CuentaUS,_xlfn.AGGREGATE(15,6,ROW('[1]U$S'!$H$5:$H$1008)-ROW('[1]U$S'!$O$5)+1/--('[1]U$S'!$H$5:$H$1008=$L$5),ROWS($D$7:D83)),1))} -> 45929 | E83: {=IF(ROWS($E$7:E83)>COUNTIF('[1]U$S'!$H$5:$H$1008,$L$5),"",INDEX(CuentaUS,_xlfn.AGGREGATE(15,6,ROW('[1]U$S'!$H$5:$H$1008)-ROW('[1]U$S'!$O$5)+1/--('[1]U$S'!$H$5:$H$1008=$L$5),ROWS($E$7:E83)),6))} -> 1889.16 | F83: =IF(E83="","",IF(E83>0,SUMIFS('[1]UY$'!$L$5:$L$993,'[1]UY$'!$O$5:$O$993,"Cambio",'[1]UY$'!$E$5:$E$993,'Efecto TC'!D83),"")) -> 75000 | G83: =IF(F83="","",F83/E83) -> 39.700184 | H83: =IF(E83="","",F83/$F$2-F83/G83) -> -103.44571 | I83: =IF(H83="","",+H83+I82) -> -99258.076 | L83: =+L81/L79 -> 39.90512 | R83: =E83/$E$1001 -> 0.00022198178 | S83: =R83*G83 -> 0.0088127175
A84: =MONTH(D84) -> 10 | B84: =YEAR(D84) -> 2025 | D84: {=IF(ROWS($D$7:D84)>COUNTIF('[1]U$S'!$H$5:$H$1008,$L$5),"",INDEX(CuentaUS,_xlfn.AGGREGATE(15,6,ROW('[1]U$S'!$H$5:$H$1008)-ROW('[1]U$S'!$O$5)+1/--('[1]U$S'!$H$5:$H$1008=$L$5),ROWS($D$7:D84)),1))} -> 45932 | E84: {=IF(ROWS($E$7:E84)>COUNTIF('[1]U$S'!$H$5:$H$1008,$L$5),"",INDEX(CuentaUS,_xlfn.AGGREGATE(15,6,ROW('[1]U$S'!$H$5:$H$1008)-ROW('[1]U$S'!$O$5)+1/--('[1]U$S'!$H$5:$H$1008=$L$5),ROWS($E$7:E84)),6))} -> 4530.58 | F84: =IF(E84="","",IF(E84>0,SUMIFS('[1]UY$'!$L$5:$L$993,'[1]UY$'!$O$5:$O$993,"Cambio",'[1]UY$'!$E$5:$E$993,'Efecto TC'!D84),"")) -> 180000 | G84: =IF(F84="","",F84/E84) -> 39.730012 | H84: =IF(E84="","",F84/$F$2-F84/G84) -> -244.86571 | I84: =IF(H84="","",+H84+I83) -> -99502.942 | R84: =E84/$E$1001 -> 0.00053235629 | S84: =R84*G84 -> 0.021150522
A85: =MONTH(D85) -> 10 | B85: =YEAR(D85) -> 2025 | D85: {=IF(ROWS($D$7:D85)>COUNTIF('[1]U$S'!$H$5:$H$1008,$L$5),"",INDEX(CuentaUS,_xlfn.AGGREGATE(15,6,ROW('[1]U$S'!$H$5:$H$1008)-ROW('[1]U$S'!$O$5)+1/--('[1]U$S'!$H$5:$H$1008=$L$5),ROWS($D$7:D85)),1))} -> 45936 | E85: {=IF(ROWS($E$7:E85)>COUNTIF('[1]U$S'!$H$5:$H$1008,$L$5),"",INDEX(CuentaUS,_xlfn.AGGREGATE(15,6,ROW('[1]U$S'!$H$5:$H$1008)-ROW('[1]U$S'!$O$5)+1/--('[1]U$S'!$H$5:$H$1008=$L$5),ROWS($E$7:E85)),6))} -> 15601.4 | F85: =IF(E85="","",IF(E85>0,SUMIFS('[1]UY$'!$L$5:$L$993,'[1]UY$'!$O$5:$O$993,"Cambio",'[1]UY$'!$E$5:$E$993,'Efecto TC'!D85),"")) -> 620000 | G85: =IF(F85="","",F85/E85) -> 39.740023 | H85: =IF(E85="","",F85/$F$2-F85/G85) -> -839.49524 | I85: =IF(H85="","",+H85+I84) -> -100342.44 | R85: =E85/$E$1001 -> 0.0018332097 | S85: =R85*G85 -> 0.072851798
A86: =MONTH(D86) -> 10 | B86: =YEAR(D86) -> 2025 | D86: {=IF(ROWS($D$7:D86)>COUNTIF('[1]U$S'!$H$5:$H$1008,$L$5),"",INDEX(CuentaUS,_xlfn.AGGREGATE(15,6,ROW('[1]U$S'!$H$5:$H$1008)-ROW('[1]U$S'!$O$5)+1/--('[1]U$S'!$H$5:$H$1008=$L$5),ROWS($D$7:D86)),1))} -> 45951 | E86: {=IF(ROWS($E$7:E86)>COUNTIF('[1]U$S'!$H$5:$H$1008,$L$5),"",INDEX(CuentaUS,_xlfn.AGGREGATE(15,6,ROW('[1]U$S'!$H$5:$H$1008)-ROW('[1]U$S'!$O$5)+1/--('[1]U$S'!$H$5:$H$1008=$L$5),ROWS($E$7:E86)),6))} -> 120186.26 | F86: =IF(E86="","",IF(E86>0,SUMIFS('[1]UY$'!$L$5:$L$993,'[1]UY$'!$O$5:$O$993,"Cambio",'[1]UY$'!$E$5:$E$993,'Efecto TC'!D86),"")) -> 4775000 | G86: =IF(F86="","",F86/E86) -> 39.729999 | H86: =IF(E86="","",F86/$F$2-F86/G86) -> -6495.7838 | I86: =IF(H86="","",+H86+I85) -> -106838.22 | K86: 597811 | R86: =E86/$E$1001 -> 0.014122234 | S86: =R86*G86 -> 0.56107635
A87: =MONTH(D87) -> 10 | B87: =YEAR(D87) -> 2025 | D87: {=IF(ROWS($D$7:D87)>COUNTIF('[1]U$S'!$H$5:$H$1008,$L$5),"",INDEX(CuentaUS,_xlfn.AGGREGATE(15,6,ROW('[1]U$S'!$H$5:$H$1008)-ROW('[1]U$S'!$O$5)+1/--('[1]U$S'!$H$5:$H$1008=$L$5),ROWS($D$7:D87)),1))} -> 45952 | E87: {=IF(ROWS($E$7:E87)>COUNTIF('[1]U$S'!$H$5:$H$1008,$L$5),"",INDEX(CuentaUS,_xlfn.AGGREGATE(15,6,ROW('[1]U$S'!$H$5:$H$1008)-ROW('[1]U$S'!$O$5)+1/--('[1]U$S'!$H$5:$H$1008=$L$5),ROWS($E$7:E87)),6))} -> 475753.77 | F87: =IF(E87="","",IF(E87>0,SUMIFS('[1]UY$'!$L$5:$L$993,'[1]UY$'!$O$5:$O$993,"Cambio",'[1]UY$'!$E$5:$E$993,'Efecto TC'!D87),"")) -> 18935000 | G87: =IF(F87="","",F87/E87) -> 39.8 | H87: =IF(E87="","",F87/$F$2-F87/G87) -> -24920.437 | I87: =IF(H87="","",+H87+I86) -> -131758.66 | K87: 23745000 | R87: =E87/$E$1001 -> 0.055902448 | S87: =R87*G87 -> 2.2249174
A88: =MONTH(D88) -> 10 | B88: =YEAR(D88) -> 2025 | D88: {=IF(ROWS($D$7:D88)>COUNTIF('[1]U$S'!$H$5:$H$1008,$L$5),"",INDEX(CuentaUS,_xlfn.AGGREGATE(15,6,ROW('[1]U$S'!$H$5:$H$1008)-ROW('[1]U$S'!$O$5)+1/--('[1]U$S'!$H$5:$H$1008=$L$5),ROWS($D$7:D88)),1))} -> 45953 | E88: {=IF(ROWS($E$7:E88)>COUNTIF('[1]U$S'!$H$5:$H$1008,$L$5),"",INDEX(CuentaUS,_xlfn.AGGREGATE(15,6,ROW('[1]U$S'!$H$5:$H$1008)-ROW('[1]U$S'!$O$5)+1/--('[1]U$S'!$H$5:$H$1008=$L$5),ROWS($E$7:E88)),6))} -> 2022.24 | F88: =IF(E88="","",IF(E88>0,SUMIFS('[1]UY$'!$L$5:$L$993,'[1]UY$'!$O$5:$O$993,"Cambio",'[1]UY$'!$E$5:$E$993,'Efecto TC'!D88),"")) -> 80000 | G88: =IF(F88="","",F88/E88) -> 39.560092 | H88: =IF(E88="","",F88/$F$2-F88/G88) -> -117.4781 | I88: =IF(H88="","",+H88+I87) -> -131876.14 | R88: =E88/$E$1001 -> 0.00023761906 | S88: =R88*G88 -> 0.009400232
A89: =MONTH(D89) -> 10 | B89: =YEAR(D89) -> 2025 | D89: {=IF(ROWS($D$7:D89)>COUNTIF('[1]U$S'!$H$5:$H$1008,$L$5),"",INDEX(CuentaUS,_xlfn.AGGREGATE(15,6,ROW('[1]U$S'!$H$5:$H$1008)-ROW('[1]U$S'!$O$5)+1/--('[1]U$S'!$H$5:$H$1008=$L$5),ROWS($D$7:D89)),1))} -> 45960 | E89: {=IF(ROWS($E$7:E89)>COUNTIF('[1]U$S'!$H$5:$H$1008,$L$5),"",INDEX(CuentaUS,_xlfn.AGGREGATE(15,6,ROW('[1]U$S'!$H$5:$H$1008)-ROW('[1]U$S'!$O$5)+1/--('[1]U$S'!$H$5:$H$1008=$L$5),ROWS($E$7:E89)),6))} -> 4664.64 | F89: =IF(E89="","",IF(E89>0,SUMIFS('[1]UY$'!$L$5:$L$993,'[1]UY$'!$O$5:$O$993,"Cambio",'[1]UY$'!$E$5:$E$993,'Efecto TC'!D89),"")) -> 185000 | G89: =IF(F89="","",F89/E89) -> 39.660081 | H89: =IF(E89="","",F89/$F$2-F89/G89) -> -259.8781 | I89: =IF(H89="","",+H89+I88) -> -132136.01 | K89: =+K87/K86 -> 39.719911 | R89: =E89/$E$1001 -> 0.00054810873 | S89: =R89*G89 -> 0.021738036
A90: =MONTH(D90) -> 11 | B90: =YEAR(D90) -> 2025 | D90: {=IF(ROWS($D$7:D90)>COUNTIF('[1]U$S'!$H$5:$H$1008,$L$5),"",INDEX(CuentaUS,_xlfn.AGGREGATE(15,6,ROW('[1]U$S'!$H$5:$H$1008)-ROW('[1]U$S'!$O$5)+1/--('[1]U$S'!$H$5:$H$1008=$L$5),ROWS($D$7:D90)),1))} -> 45964 | E90: {=IF(ROWS($E$7:E90)>COUNTIF('[1]U$S'!$H$5:$H$1008,$L$5),"",INDEX(CuentaUS,_xlfn.AGGREGATE(15,6,ROW('[1]U$S'!$H$5:$H$1008)-ROW('[1]U$S'!$O$5)+1/--('[1]U$S'!$H$5:$H$1008=$L$5),ROWS($E$7:E90)),6))} -> 21349.16 | F90: =IF(E90="","",IF(E90>0,SUMIFS('[1]UY$'!$L$5:$L$993,'[1]UY$'!$O$5:$O$993,"Cambio",'[1]UY$'!$E$5:$E$993,'Efecto TC'!D90),"")) -> 845000 | G90: =IF(F90="","",F90/E90) -> 39.580012 | H90: =IF(E90="","",F90/$F$2-F90/G90) -> -1230.1124 | I90: =IF(H90="","",+H90+I89) -> -133366.13 | R90: =E90/$E$1001 -> 0.0025085882 | S90: =R90*G90 -> 0.09928995
A91: =MONTH(D91) -> 11 | B91: =YEAR(D91) -> 2025 | D91: {=IF(ROWS($D$7:D91)>COUNTIF('[1]U$S'!$H$5:$H$1008,$L$5),"",INDEX(CuentaUS,_xlfn.AGGREGATE(15,6,ROW('[1]U$S'!$H$5:$H$1008)-ROW('[1]U$S'!$O$5)+1/--('[1]U$S'!$H$5:$H$1008=$L$5),ROWS($D$7:D91)),1))} -> 45968 | E91: {=IF(ROWS($E$7:E91)>COUNTIF('[1]U$S'!$H$5:$H$1008,$L$5),"",INDEX(CuentaUS,_xlfn.AGGREGATE(15,6,ROW('[1]U$S'!$H$5:$H$1008)-ROW('[1]U$S'!$O$5)+1/--('[1]U$S'!$H$5:$H$1008=$L$5),ROWS($E$7:E91)),6))} -> 1514.38 | F91: =IF(E91="","",IF(E91>0,SUMIFS('[1]UY$'!$L$5:$L$993,'[1]UY$'!$O$5:$O$993,"Cambio",'[1]UY$'!$E$5:$E$993,'Efecto TC'!D91),"")) -> 60000 | G91: =IF(F91="","",F91/E91) -> 39.620175 | H91: =IF(E91="","",F91/$F$2-F91/G91) -> -85.808571 | I91: =IF(H91="","",+H91+I90) -> -133451.93 | R91: =E91/$E$1001 -> 0.00017794404 | S91: =R91*G91 -> 0.007050174
A92: =MONTH(D92) -> 11 | B92: =YEAR(D92) -> 2025 | D92: {=IF(ROWS($D$7:D92)>COUNTIF('[1]U$S'!$H$5:$H$1008,$L$5),"",INDEX(CuentaUS,_xlfn.AGGREGATE(15,6,ROW('[1]U$S'!$H$5:$H$1008)-ROW('[1]U$S'!$O$5)+1/--('[1]U$S'!$H$5:$H$1008=$L$5),ROWS($D$7:D92)),1))} -> 45975 | E92: {=IF(ROWS($E$7:E92)>COUNTIF('[1]U$S'!$H$5:$H$1008,$L$5),"",INDEX(CuentaUS,_xlfn.AGGREGATE(15,6,ROW('[1]U$S'!$H$5:$H$1008)-ROW('[1]U$S'!$O$5)+1/--('[1]U$S'!$H$5:$H$1008=$L$5),ROWS($E$7:E92)),6))} -> 179722.92 | F92: =IF(E92="","",IF(E92>0,SUMIFS('[1]UY$'!$L$5:$L$993,'[1]UY$'!$O$5:$O$993,"Cambio",'[1]UY$'!$E$5:$E$993,'Efecto TC'!D92),"")) -> 7135000 | G92: =IF(F92="","",F92/E92) -> 39.7 | H92: =IF(E92="","",F92/$F$2-F92/G92) -> -9841.9676 | I92: =IF(H92="","",+H92+I91) -> -143293.9 | R92: =E92/$E$1001 -> 0.021117964 | S92: =R92*G92 -> 0.83838319
A93: =MONTH(D93) -> 11 | B93: =YEAR(D93) -> 2025 | D93: {=IF(ROWS($D$7:D93)>COUNTIF('[1]U$S'!$H$5:$H$1008,$L$5),"",INDEX(CuentaUS,_xlfn.AGGREGATE(15,6,ROW('[1]U$S'!$H$5:$H$1008)-ROW('[1]U$S'!$O$5)+1/--('[1]U$S'!$H$5:$H$1008=$L$5),ROWS($D$7:D93)),1))} -> 45982 | E93: {=IF(ROWS($E$7:E93)>COUNTIF('[1]U$S'!$H$5:$H$1008,$L$5),"",INDEX(CuentaUS,_xlfn.AGGREGATE(15,6,ROW('[1]U$S'!$H$5:$H$1008)-ROW('[1]U$S'!$O$5)+1/--('[1]U$S'!$H$5:$H$1008=$L$5),ROWS($E$7:E93)),6))} -> 663450.62 | F93: =IF(E93="","",IF(E93>0,SUMIFS('[1]UY$'!$L$5:$L$993,'[1]UY$'!$O$5:$O$993,"Cambio",'[1]UY$'!$E$5:$E$993,'Efecto TC'!D93),"")) -> 26210000 | G93: =IF(F93="","",F93/E93) -> 39.505578 | H93: =IF(E93="","",F93/$F$2-F93/G93) -> -39403.001 | I93: =IF(H93="","",+H93+I92) -> -182696.9 | R93: =E93/$E$1001 -> 0.077957372 | S93: =R93*G93 -> 3.079751
A94: =MONTH(D94) -> 11 | B94: =YEAR(D94) -> 2025 | D94: {=IF(ROWS($D$7:D94)>COUNTIF('[1]U$S'!$H$5:$H$1008,$L$5),"",INDEX(CuentaUS,_xlfn.AGGREGATE(15,6,ROW('[1]U$S'!$H$5:$H$1008)-ROW('[1]U$S'!$O$5)+1/--('[1]U$S'!$H$5:$H$1008=$L$5),ROWS($D$7:D94)),1))} -> 45987 | E94: {=IF(ROWS($E$7:E94)>COUNTIF('[1]U$S'!$H$5:$H$1008,$L$5),"",INDEX(CuentaUS,_xlfn.AGGREGATE(15,6,ROW('[1]U$S'!$H$5:$H$1008)-ROW('[1]U$S'!$O$5)+1/--('[1]U$S'!$H$5:$H$1008=$L$5),ROWS($E$7:E94)),6))} -> 3293.63 | F94: =IF(E94="","",IF(E94>0,SUMIFS('[1]UY$'!$L$5:$L$993,'[1]UY$'!$O$5:$O$993,"Cambio",'[1]UY$'!$E$5:$E$993,'Efecto TC'!D94),"")) -> 130000 | G94: =IF(F94="","",F94/E94) -> 39.470129 | H94: =IF(E94="","",F94/$F$2-F94/G94) -> -198.3919 | I94: =IF(H94="","",+H94+I93) -> -182895.3 | R94: =E94/$E$1001 -> 0.00038701108 | S94: =R94*G94 -> 0.015275377
A95: =MONTH(D95) -> 12 | B95: =YEAR(D95) -> 2025 | D95: {=IF(ROWS($D$7:D95)>COUNTIF('[1]U$S'!$H$5:$H$1008,$L$5),"",INDEX(CuentaUS,_xlfn.AGGREGATE(15,6,ROW('[1]U$S'!$H$5:$H$1008)-ROW('[1]U$S'!$O$5)+1/--('[1]U$S'!$H$5:$H$1008=$L$5),ROWS($D$7:D95)),1))} -> 45994 | E95: {=IF(ROWS($E$7:E95)>COUNTIF('[1]U$S'!$H$5:$H$1008,$L$5),"",INDEX(CuentaUS,_xlfn.AGGREGATE(15,6,ROW('[1]U$S'!$H$5:$H$1008)-ROW('[1]U$S'!$O$5)+1/--('[1]U$S'!$H$5:$H$1008=$L$5),ROWS($E$7:E95)),6))} -> 49935.98 | F95: =IF(E95="","",IF(E95>0,SUMIFS('[1]UY$'!$L$5:$L$993,'[1]UY$'!$O$5:$O$993,"Cambio",'[1]UY$'!$E$5:$E$993,'Efecto TC'!D95),"")) -> 1950000 | G95: =IF(F95="","",F95/E95) -> 39.05 | H95: =IF(E95="","",F95/$F$2-F95/G95) -> -3507.4086 | I95: =IF(H95="","",+H95+I94) -> -186402.7 | R95: =E95/$E$1001 -> 0.0058676225 | S95: =R95*G95 -> 0.22913065
A96: =MONTH(D96) -> 12 | B96: =YEAR(D96) -> 2025 | D96: {=IF(ROWS($D$7:D96)>COUNTIF('[1]U$S'!$H$5:$H$1008,$L$5),"",INDEX(CuentaUS,_xlfn.AGGREGATE(15,6,ROW('[1]U$S'!$H$5:$H$1008)-ROW('[1]U$S'!$O$5)+1/--('[1]U$S'!$H$5:$H$1008=$L$5),ROWS($D$7:D96)),1))} -> 46010 | E96: {=IF(ROWS($E$7:E96)>COUNTIF('[1]U$S'!$H$5:$H$1008,$L$5),"",INDEX(CuentaUS,_xlfn.AGGREGATE(15,6,ROW('[1]U$S'!$H$5:$H$1008)-ROW('[1]U$S'!$O$5)+1/--('[1]U$S'!$H$5:$H$1008=$L$5),ROWS($E$7:E96)),6))} -> 661378.23 | F96: =IF(E96="","",IF(E96>0,SUMIFS('[1]UY$'!$L$5:$L$993,'[1]UY$'!$O$5:$O$993,"Cambio",'[1]UY$'!$E$5:$E$993,'Efecto TC'!D96),"")) -> 25750000 | G96: =IF(F96="","",F96/E96) -> 38.933849 | H96: =IF(E96="","",F96/$F$2-F96/G96) -> -48282.992 | I96: =IF(H96="","",+H96+I95) -> -234685.7 | K96: =+F96/G96 -> 661378.23 | L96: =+F96/42 -> 613095.24 | M96: =+K96-L96 -> 48282.992 | R96: =E96/$E$1001 -> 0.07771386 | S96: =R96*G96 -> 3.0256997
A97: =MONTH(D97) -> 12 | B97: =YEAR(D97) -> 2025 | D97: {=IF(ROWS($D$7:D97)>COUNTIF('[1]U$S'!$H$5:$H$1008,$L$5),"",INDEX(CuentaUS,_xlfn.AGGREGATE(15,6,ROW('[1]U$S'!$H$5:$H$1008)-ROW('[1]U$S'!$O$5)+1/--('[1]U$S'!$H$5:$H$1008=$L$5),ROWS($D$7:D97)),1))} -> 46014 | E97: {=IF(ROWS($E$7:E97)>COUNTIF('[1]U$S'!$H$5:$H$1008,$L$5),"",INDEX(CuentaUS,_xlfn.AGGREGATE(15,6,ROW('[1]U$S'!$H$5:$H$1008)-ROW('[1]U$S'!$O$5)+1/--('[1]U$S'!$H$5:$H$1008=$L$5),ROWS($E$7:E97)),6))} -> 1536.09 | F97: =IF(E97="","",IF(E97>0,SUMIFS('[1]UY$'!$L$5:$L$993,'[1]UY$'!$O$5:$O$993,"Cambio",'[1]UY$'!$E$5:$E$993,'Efecto TC'!D97),"")) -> 60000 | G97: =IF(F97="","",F97/E97) -> 39.060211 | H97: =IF(E97="","",F97/$F$2-F97/G97) -> -107.51857 | I97: =IF(H97="","",+H97+I96) -> -234793.21 | R97: =E97/$E$1001 -> 0.00018049503 | S97: =R97*G97 -> 0.007050174
A98: =MONTH(D98) -> 1 | B98: =YEAR(D98) -> 2026 | D98: {=IF(ROWS($D$7:D98)>COUNTIF('[1]U$S'!$H$5:$H$1008,$L$5),"",INDEX(CuentaUS,_xlfn.AGGREGATE(15,6,ROW('[1]U$S'!$H$5:$H$1008)-ROW('[1]U$S'!$O$5)+1/--('[1]U$S'!$H$5:$H$1008=$L$5),ROWS($D$7:D98)),1))} -> 46030 | E98: {=IF(ROWS($E$7:E98)>COUNTIF('[1]U$S'!$H$5:$H$1008,$L$5),"",INDEX(CuentaUS,_xlfn.AGGREGATE(15,6,ROW('[1]U$S'!$H$5:$H$1008)-ROW('[1]U$S'!$O$5)+1/--('[1]U$S'!$H$5:$H$1008=$L$5),ROWS($E$7:E98)),6))} -> 20592.02 | F98: =IF(E98="","",IF(E98>0,SUMIFS('[1]UY$'!$L$5:$L$993,'[1]UY$'!$O$5:$O$993,"Cambio",'[1]UY$'!$E$5:$E$993,'Efecto TC'!D98),"")) -> 800000 | G98: =IF(F98="","",F98/E98) -> 38.850001 | H98: =IF(E98="","",F98/$F$2-F98/G98) -> -1544.401 | I98: =IF(H98="","",+H98+I97) -> -236337.62 | R98: =E98/$E$1001 -> 0.0024196221 | S98: =R98*G98 -> 0.09400232
A99: =MONTH(D99) -> 1 | B99: =YEAR(D99) -> 2026 | D99: {=IF(ROWS($D$7:D99)>COUNTIF('[1]U$S'!$H$5:$H$1008,$L$5),"",INDEX(CuentaUS,_xlfn.AGGREGATE(15,6,ROW('[1]U$S'!$H$5:$H$1008)-ROW('[1]U$S'!$O$5)+1/--('[1]U$S'!$H$5:$H$1008=$L$5),ROWS($D$7:D99)),1))} -> 46038 | E99: {=IF(ROWS($E$7:E99)>COUNTIF('[1]U$S'!$H$5:$H$1008,$L$5),"",INDEX(CuentaUS,_xlfn.AGGREGATE(15,6,ROW('[1]U$S'!$H$5:$H$1008)-ROW('[1]U$S'!$O$5)+1/--('[1]U$S'!$H$5:$H$1008=$L$5),ROWS($E$7:E99)),6))} -> 2090.95 | F99: =IF(E99="","",IF(E99>0,SUMIFS('[1]UY$'!$L$5:$L$993,'[1]UY$'!$O$5:$O$993,"Cambio",'[1]UY$'!$E$5:$E$993,'Efecto TC'!D99),"")) -> 80000 | G99: =IF(F99="","",F99/E99) -> 38.260121 | H99: =IF(E99="","",F99/$F$2-F99/G99) -> -186.1881 | I99: =IF(H99="","",+H99+I98) -> -236523.8 | R99: =E99/$E$1001 -> 0.00024569269 | S99: =R99*G99 -> 0.009400232
A100: =MONTH(D100) -> 1 | B100: =YEAR(D100) -> 2026 | D100: {=IF(ROWS($D$7:D100)>COUNTIF('[1]U$S'!$H$5:$H$1008,$L$5),"",INDEX(CuentaUS,_xlfn.AGGREGATE(15,6,ROW('[1]U$S'!$H$5:$H$1008)-ROW('[1]U$S'!$O$5)+1/--('[1]U$S'!$H$5:$H$1008=$L$5),ROWS($D$7:D100)),1))} -> 46045 | E100: {=IF(ROWS($E$7:E100)>COUNTIF('[1]U$S'!$H$5:$H$1008,$L$5),"",INDEX(CuentaUS,_xlfn.AGGREGATE(15,6,ROW('[1]U$S'!$H$5:$H$1008)-ROW('[1]U$S'!$O$5)+1/--('[1]U$S'!$H$5:$H$1008=$L$5),ROWS($E$7:E100)),6))} -> 137433.86 | F100: =IF(E100="","",IF(E100>0,SUMIFS('[1]UY$'!$L$5:$L$993,'[1]UY$'!$O$5:$O$993,"Cambio",'[1]UY$'!$E$5:$E$993,'Efecto TC'!D100),"")) -> 5195000 | G100: =IF(F100="","",F100/E100) -> 37.800001 | H100: =IF(E100="","",F100/$F$2-F100/G100) -> -13743.384 | I100: =IF(H100="","",+H100+I99) -> -250267.19 | R100: =E100/$E$1001 -> 0.016148877 | S100: =R100*G100 -> 0.61042757
A101: =MONTH(D101) -> 1 | B101: =YEAR(D101) -> 2026 | D101: {=IF(ROWS($D$7:D101)>COUNTIF('[1]U$S'!$H$5:$H$1008,$L$5),"",INDEX(CuentaUS,_xlfn.AGGREGATE(15,6,ROW('[1]U$S'!$H$5:$H$1008)-ROW('[1]U$S'!$O$5)+1/--('[1]U$S'!$H$5:$H$1008=$L$5),ROWS($D$7:D101)),1))} -> 46048 | E101: {=IF(ROWS($E$7:E101)>COUNTIF('[1]U$S'!$H$5:$H$1008,$L$5),"",INDEX(CuentaUS,_xlfn.AGGREGATE(15,6,ROW('[1]U$S'!$H$5:$H$1008)-ROW('[1]U$S'!$O$5)+1/--('[1]U$S'!$H$5:$H$1008=$L$5),ROWS($E$7:E101)),6))} -> 414741.04 | F101: =IF(E101="","",IF(E101>0,SUMIFS('[1]UY$'!$L$5:$L$993,'[1]UY$'!$O$5:$O$993,"Cambio",'[1]UY$'!$E$5:$E$993,'Efecto TC'!D101),"")) -> 15615000 | G101: =IF(F101="","",F101/E101) -> 37.65 | H101: =IF(E101="","",F101/$F$2-F101/G101) -> -42955.326 | I101: =IF(H101="","",+H101+I100) -> -293222.51 | R101: =E101/$E$1001 -> 0.048733275 | S101: =R101*G101 -> 1.8348078
A102: =MONTH(D102) -> 1 | B102: =YEAR(D102) -> 2026 | D102: {=IF(ROWS($D$7:D102)>COUNTIF('[1]U$S'!$H$5:$H$1008,$L$5),"",INDEX(CuentaUS,_xlfn.AGGREGATE(15,6,ROW('[1]U$S'!$H$5:$H$1008)-ROW('[1]U$S'!$O$5)+1/--('[1]U$S'!$H$5:$H$1008=$L$5),ROWS($D$7:D102)),1))} -> 46049 | E102: {=IF(ROWS($E$7:E102)>COUNTIF('[1]U$S'!$H$5:$H$1008,$L$5),"",INDEX(CuentaUS,_xlfn.AGGREGATE(15,6,ROW('[1]U$S'!$H$5:$H$1008)-ROW('[1]U$S'!$O$5)+1/--('[1]U$S'!$H$5:$H$1008=$L$5),ROWS($E$7:E102)),6))} -> 10526.32 | F102: =IF(E102="","",IF(E102>0,SUMIFS('[1]UY$'!$L$5:$L$993,'[1]UY$'!$O$5:$O$993,"Cambio",'[1]UY$'!$E$5:$E$993,'Efecto TC'!D102),"")) -> 400000 | G102: =IF(F102="","",F102/E102) -> 37.999985 | H102: =IF(E102="","",F102/$F$2-F102/G102) -> -1002.5105 | I102: =IF(H102="","",+H102+I101) -> -294225.02 | R102: =E102/$E$1001 -> 0.0012368731 | S102: =R102*G102 -> 0.04700116
A103: =MONTH(D103) -> 2 | B103: =YEAR(D103) -> 2026 | D103: {=IF(ROWS($D$7:D103)>COUNTIF('[1]U$S'!$H$5:$H$1008,$L$5),"",INDEX(CuentaUS,_xlfn.AGGREGATE(15,6,ROW('[1]U$S'!$H$5:$H$1008)-ROW('[1]U$S'!$O$5)+1/--('[1]U$S'!$H$5:$H$1008=$L$5),ROWS($D$7:D103)),1))} -> 46057 | E103: {=IF(ROWS($E$7:E103)>COUNTIF('[1]U$S'!$H$5:$H$1008,$L$5),"",INDEX(CuentaUS,_xlfn.AGGREGATE(15,6,ROW('[1]U$S'!$H$5:$H$1008)-ROW('[1]U$S'!$O$5)+1/--('[1]U$S'!$H$5:$H$1008=$L$5),ROWS($E$7:E103)),6))} -> 7786.14 | F103: =IF(E103="","",IF(E103>0,SUMIFS('[1]UY$'!$L$5:$L$993,'[1]UY$'!$O$5:$O$993,"Cambio",'[1]UY$'!$E$5:$E$993,'Efecto TC'!D103),"")) -> 300000 | G103: =IF(F103="","",F103/E103) -> 38.530003 | H103: =IF(E103="","",F103/$F$2-F103/G103) -> -643.28286 | I103: =IF(H103="","",+H103+I102) -> -294868.31 | R103: =E103/$E$1001 -> 0.00091489403 | S103: =R103*G103 -> 0.03525087
A104: =MONTH(D104) -> 2 | B104: =YEAR(D104) -> 2026 | D104: {=IF(ROWS($D$7:D104)>COUNTIF('[1]U$S'!$H$5:$H$1008,$L$5),"",INDEX(CuentaUS,_xlfn.AGGREGATE(15,6,ROW('[1]U$S'!$H$5:$H$1008)-ROW('[1]U$S'!$O$5)+1/--('[1]U$S'!$H$5:$H$1008=$L$5),ROWS($D$7:D104)),1))} -> 46064 | E104: {=IF(ROWS($E$7:E104)>COUNTIF('[1]U$S'!$H$5:$H$1008,$L$5),"",INDEX(CuentaUS,_xlfn.AGGREGATE(15,6,ROW('[1]U$S'!$H$5:$H$1008)-ROW('[1]U$S'!$O$5)+1/--('[1]U$S'!$H$5:$H$1008=$L$5),ROWS($E$7:E104)),6))} -> 4669.26 | F104: =IF(E104="","",IF(E104>0,SUMIFS('[1]UY$'!$L$5:$L$993,'[1]UY$'!$O$5:$O$993,"Cambio",'[1]UY$'!$E$5:$E$993,'Efecto TC'!D104),"")) -> 180000 | G104: =IF(F104="","",F104/E104) -> 38.550006 | H104: =IF(E104="","",F104/$F$2-F104/G104) -> -383.54571 | I104: =IF(H104="","",+H104+I103) -> -295251.85 | R104: =E104/$E$1001 -> 0.00054865159 | S104: =R104*G104 -> 0.021150522
A105: =MONTH(D105) -> 2 | B105: =YEAR(D105) -> 2026 | D105: {=IF(ROWS($D$7:D105)>COUNTIF('[1]U$S'!$H$5:$H$1008,$L$5),"",INDEX(CuentaUS,_xlfn.AGGREGATE(15,6,ROW('[1]U$S'!$H$5:$H$1008)-ROW('[1]U$S'!$O$5)+1/--('[1]U$S'!$H$5:$H$1008=$L$5),ROWS($D$7:D105)),1))} -> 46076 | E105: {=IF(ROWS($E$7:E105)>COUNTIF('[1]U$S'!$H$5:$H$1008,$L$5),"",INDEX(CuentaUS,_xlfn.AGGREGATE(15,6,ROW('[1]U$S'!$H$5:$H$1008)-ROW('[1]U$S'!$O$5)+1/--('[1]U$S'!$H$5:$H$1008=$L$5),ROWS($E$7:E105)),6))} -> 343080.93 | F105: =IF(E105="","",IF(E105>0,SUMIFS('[1]UY$'!$L$5:$L$993,'[1]UY$'!$O$5:$O$993,"Cambio",'[1]UY$'!$E$5:$E$993,'Efecto TC'!D105),"")) -> 13140000 | G105: =IF(F105="","",F105/E105) -> 38.300001 | H105: =IF(E105="","",F105/$F$2-F105/G105) -> -30223.787 | I105: =IF(H105="","",+H105+I104) -> -325475.64 | R105: =E105/$E$1001 -> 0.040313004 | S105: =R105*G105 -> 1.5439881
A106: =MONTH(D106) -> 2 | B106: =YEAR(D106) -> 2026 | D106: {=IF(ROWS($D$7:D106)>COUNTIF('[1]U$S'!$H$5:$H$1008,$L$5),"",INDEX(CuentaUS,_xlfn.AGGREGATE(15,6,ROW('[1]U$S'!$H$5:$H$1008)-ROW('[1]U$S'!$O$5)+1/--('[1]U$S'!$H$5:$H$1008=$L$5),ROWS($D$7:D106)),1))} -> 46077 | E106: {=IF(ROWS($E$7:E106)>COUNTIF('[1]U$S'!$H$5:$H$1008,$L$5),"",INDEX(CuentaUS,_xlfn.AGGREGATE(15,6,ROW('[1]U$S'!$H$5:$H$1008)-ROW('[1]U$S'!$O$5)+1/--('[1]U$S'!$H$5:$H$1008=$L$5),ROWS($E$7:E106)),6))} -> 2608.24 | F106: =IF(E106="","",IF(E106>0,SUMIFS('[1]UY$'!$L$5:$L$993,'[1]UY$'!$O$5:$O$993,"Cambio",'[1]UY$'!$E$5:$E$993,'Efecto TC'!D106),"")) -> 100000 | G106: =IF(F106="","",F106/E106) -> 38.34003 | H106: =IF(E106="","",F106/$F$2-F106/G106) -> -227.28762 | I106: =IF(H106="","",+H106+I105) -> -325702.93 | R106: =E106/$E$1001 -> 0.00030647576 | S106: =R106*G106 -> 0.01175029
A107: =MONTH(D107) -> 3 | B107: =YEAR(D107) -> 2026 | D107: {=IF(ROWS($D$7:D107)>COUNTIF('[1]U$S'!$H$5:$H$1008,$L$5),"",INDEX(CuentaUS,_xlfn.AGGREGATE(15,6,ROW('[1]U$S'!$H$5:$H$1008)-ROW('[1]U$S'!$O$5)+1/--('[1]U$S'!$H$5:$H$1008=$L$5),ROWS($D$7:D107)),1))} -> 46091 | E107: {=IF(ROWS($E$7:E107)>COUNTIF('[1]U$S'!$H$5:$H$1008,$L$5),"",INDEX(CuentaUS,_xlfn.AGGREGATE(15,6,ROW('[1]U$S'!$H$5:$H$1008)-ROW('[1]U$S'!$O$5)+1/--('[1]U$S'!$H$5:$H$1008=$L$5),ROWS($E$7:E107)),6))} -> 15538.85 | F107: =IF(E107="","",IF(E107>0,SUMIFS('[1]UY$'!$L$5:$L$993,'[1]UY$'!$O$5:$O$993,"Cambio",'[1]UY$'!$E$5:$E$993,'Efecto TC'!D107),"")) -> 620000 | G107: =IF(F107="","",F107/E107) -> 39.899993 | H107: =IF(E107="","",F107/$F$2-F107/G107) -> -776.94524 | I107: =IF(H107="","",+H107+I106) -> -326479.87 | R107: =E107/$E$1001 -> 0.0018258599 | S107: =R107*G107 -> 0.072851798
A108: =MONTH(D108) -> 3 | B108: =YEAR(D108) -> 2026 | D108: {=IF(ROWS($D$7:D108)>COUNTIF('[1]U$S'!$H$5:$H$1008,$L$5),"",INDEX(CuentaUS,_xlfn.AGGREGATE(15,6,ROW('[1]U$S'!$H$5:$H$1008)-ROW('[1]U$S'!$O$5)+1/--('[1]U$S'!$H$5:$H$1008=$L$5),ROWS($D$7:D108)),1))} -> 46092 | E108: {=IF(ROWS($E$7:E108)>COUNTIF('[1]U$S'!$H$5:$H$1008,$L$5),"",INDEX(CuentaUS,_xlfn.AGGREGATE(15,6,ROW('[1]U$S'!$H$5:$H$1008)-ROW('[1]U$S'!$O$5)+1/--('[1]U$S'!$H$5:$H$1008=$L$5),ROWS($E$7:E108)),6))} -> 1620.13 | F108: =IF(E108="","",IF(E108>0,SUMIFS('[1]UY$'!$L$5:$L$993,'[1]UY$'!$O$5:$O$993,"Cambio",'[1]UY$'!$E$5:$E$993,'Efecto TC'!D108),"")) -> 65000 | G108: =IF(F108="","",F108/E108) -> 40.120237 | H108: =IF(E108="","",F108/$F$2-F108/G108) -> -72.510952 | I108: =IF(H108="","",+H108+I107) -> -326552.38 | R108: =E108/$E$1001 -> 0.00019036997 | S108: =R108*G108 -> 0.0076376885
... A154: =MONTH(D154) -> #VALUE! | B154: =YEAR(D154) -> #VALUE! | D154: {=IF(ROWS($D$7:D154)>COUNTIF('[1]U$S'!$H$5:$H$1008,$L$5),"",INDEX(CuentaUS,_xlfn.AGGREGATE(15,6,ROW('[1]U$S'!$H$5:$H$1008)-ROW('[1]U$S'!$O$5)+1/--('[1]U$S'!$H$5:$H$1008=$L$5),ROWS($D$7:D154)),1))} | E154: {=IF(ROWS($E$7:E154)>COUNTIF('[1]U$S'!$H$5:$H$1008,$L$5),"",INDEX(CuentaUS,_xlfn.AGGREGATE(15,6,ROW('[1]U$S'!$H$5:$H$1008)-ROW('[1]U$S'!$O$5)+1/--('[1]U$S'!$H$5:$H$1008=$L$5),ROWS($E$7:E154)),6))} | F154: =IF(E154="","",IF(E154>0,SUMIFS('[1]UY$'!$L$5:$L$993,'[1]UY$'!$O$5:$O$993,"Cambio",'[1]UY$'!$E$5:$E$993,'Efecto TC'!D154),"")) | G154: =IF(F154="","",F154/E154) | H154: =IF(E154="","",F154/$F$2-F154/G154) | I154: =IF(H154="","",+H154+I153) | R154: =E154/$E$1001 -> #VALUE! | S154: =R154*G154 -> #VALUE!
A155: =MONTH(D155) -> #VALUE! | B155: =YEAR(D155) -> #VALUE! | D155: {=IF(ROWS($D$7:D155)>COUNTIF('[1]U$S'!$H$5:$H$1008,$L$5),"",INDEX(CuentaUS,_xlfn.AGGREGATE(15,6,ROW('[1]U$S'!$H$5:$H$1008)-ROW('[1]U$S'!$O$5)+1/--('[1]U$S'!$H$5:$H$1008=$L$5),ROWS($D$7:D155)),1))} | E155: {=IF(ROWS($E$7:E155)>COUNTIF('[1]U$S'!$H$5:$H$1008,$L$5),"",INDEX(CuentaUS,_xlfn.AGGREGATE(15,6,ROW('[1]U$S'!$H$5:$H$1008)-ROW('[1]U$S'!$O$5)+1/--('[1]U$S'!$H$5:$H$1008=$L$5),ROWS($E$7:E155)),6))} | F155: =IF(E155="","",IF(E155>0,SUMIFS('[1]UY$'!$L$5:$L$993,'[1]UY$'!$O$5:$O$993,"Cambio",'[1]UY$'!$E$5:$E$993,'Efecto TC'!D155),"")) | G155: =IF(F155="","",F155/E155) | H155: =IF(E155="","",F155/$F$2-F155/G155) | I155: =IF(H155="","",+H155+I154) | R155: =E155/$E$1001 -> #VALUE! | S155: =R155*G149 -> #VALUE!
A156: =MONTH(D156) -> #VALUE! | B156: =YEAR(D156) -> #VALUE! | D156: {=IF(ROWS($D$7:D156)>COUNTIF('[1]U$S'!$H$5:$H$1008,$L$5),"",INDEX(CuentaUS,_xlfn.AGGREGATE(15,6,ROW('[1]U$S'!$H$5:$H$1008)-ROW('[1]U$S'!$O$5)+1/--('[1]U$S'!$H$5:$H$1008=$L$5),ROWS($D$7:D156)),1))} | E156: {=IF(ROWS($E$7:E156)>COUNTIF('[1]U$S'!$H$5:$H$1008,$L$5),"",INDEX(CuentaUS,_xlfn.AGGREGATE(15,6,ROW('[1]U$S'!$H$5:$H$1008)-ROW('[1]U$S'!$O$5)+1/--('[1]U$S'!$H$5:$H$1008=$L$5),ROWS($E$7:E156)),6))} | F156: =IF(E156="","",IF(E156>0,SUMIFS('[1]UY$'!$L$5:$L$993,'[1]UY$'!$O$5:$O$993,"Cambio",'[1]UY$'!$E$5:$E$993,'Efecto TC'!D156),"")) | G156: =IF(F156="","",F156/E156) | H156: =IF(E156="","",F156/$F$2-F156/G156) | I156: =IF(H156="","",+H156+I155) | R156: =E156/$E$1001 -> #VALUE! | S156: =R156*G150 -> #VALUE!
A157: =MONTH(D157) -> #VALUE! | B157: =YEAR(D157) -> #VALUE! | D157: {=IF(ROWS($D$7:D157)>COUNTIF('[1]U$S'!$H$5:$H$1008,$L$5),"",INDEX(CuentaUS,_xlfn.AGGREGATE(15,6,ROW('[1]U$S'!$H$5:$H$1008)-ROW('[1]U$S'!$O$5)+1/--('[1]U$S'!$H$5:$H$1008=$L$5),ROWS($D$7:D157)),1))} | E157: {=IF(ROWS($E$7:E157)>COUNTIF('[1]U$S'!$H$5:$H$1008,$L$5),"",INDEX(CuentaUS,_xlfn.AGGREGATE(15,6,ROW('[1]U$S'!$H$5:$H$1008)-ROW('[1]U$S'!$O$5)+1/--('[1]U$S'!$H$5:$H$1008=$L$5),ROWS($E$7:E157)),6))} | F157: =IF(E157="","",IF(E157>0,SUMIFS('[1]UY$'!$L$5:$L$993,'[1]UY$'!$O$5:$O$993,"Cambio",'[1]UY$'!$E$5:$E$993,'Efecto TC'!D157),"")) | G157: =IF(F157="","",F157/E157) | H157: =IF(E157="","",F157/$F$2-F157/G157) | I157: =IF(H157="","",+H157+I156) | R157: =E157/$E$1001 -> #VALUE! | S157: =R157*G151 -> #VALUE!
A158: =MONTH(D158) -> #VALUE! | B158: =YEAR(D158) -> #VALUE! | D158: {=IF(ROWS($D$7:D158)>COUNTIF('[1]U$S'!$H$5:$H$1008,$L$5),"",INDEX(CuentaUS,_xlfn.AGGREGATE(15,6,ROW('[1]U$S'!$H$5:$H$1008)-ROW('[1]U$S'!$O$5)+1/--('[1]U$S'!$H$5:$H$1008=$L$5),ROWS($D$7:D158)),1))} | E158: {=IF(ROWS($E$7:E158)>COUNTIF('[1]U$S'!$H$5:$H$1008,$L$5),"",INDEX(CuentaUS,_xlfn.AGGREGATE(15,6,ROW('[1]U$S'!$H$5:$H$1008)-ROW('[1]U$S'!$O$5)+1/--('[1]U$S'!$H$5:$H$1008=$L$5),ROWS($E$7:E158)),6))} | F158: =IF(E158="","",IF(E158>0,SUMIFS('[1]UY$'!$L$5:$L$993,'[1]UY$'!$O$5:$O$993,"Cambio",'[1]UY$'!$E$5:$E$993,'Efecto TC'!D158),"")) | G158: =IF(F158="","",F158/E158) | H158: =IF(E158="","",F158/$F$2-F158/G158) | I158: =IF(H158="","",+H158+I157) | R158: =E158/$E$1001 -> #VALUE! | S158: =R158*G152 -> #VALUE!
A159: =MONTH(D159) -> #VALUE! | B159: =YEAR(D159) -> #VALUE! | D159: {=IF(ROWS($D$7:D159)>COUNTIF('[1]U$S'!$H$5:$H$1008,$L$5),"",INDEX(CuentaUS,_xlfn.AGGREGATE(15,6,ROW('[1]U$S'!$H$5:$H$1008)-ROW('[1]U$S'!$O$5)+1/--('[1]U$S'!$H$5:$H$1008=$L$5),ROWS($D$7:D159)),1))} | E159: {=IF(ROWS($E$7:E159)>COUNTIF('[1]U$S'!$H$5:$H$1008,$L$5),"",INDEX(CuentaUS,_xlfn.AGGREGATE(15,6,ROW('[1]U$S'!$H$5:$H$1008)-ROW('[1]U$S'!$O$5)+1/--('[1]U$S'!$H$5:$H$1008=$L$5),ROWS($E$7:E159)),6))} | F159: =IF(E159="","",IF(E159>0,SUMIFS('[1]UY$'!$L$5:$L$993,'[1]UY$'!$O$5:$O$993,"Cambio",'[1]UY$'!$E$5:$E$993,'Efecto TC'!D159),"")) | G159: =IF(F159="","",F159/E159) | H159: =IF(E159="","",F159/$F$2-F159/G159) | I159: =IF(H159="","",+H159+I158) | R159: =E159/$E$1001 -> #VALUE! | S159: =R159*G153 -> #VALUE!
A160: =MONTH(D160) -> #VALUE! | B160: =YEAR(D160) -> #VALUE! | D160: {=IF(ROWS($D$7:D160)>COUNTIF('[1]U$S'!$H$5:$H$1008,$L$5),"",INDEX(CuentaUS,_xlfn.AGGREGATE(15,6,ROW('[1]U$S'!$H$5:$H$1008)-ROW('[1]U$S'!$O$5)+1/--('[1]U$S'!$H$5:$H$1008=$L$5),ROWS($D$7:D160)),1))} | E160: {=IF(ROWS($E$7:E160)>COUNTIF('[1]U$S'!$H$5:$H$1008,$L$5),"",INDEX(CuentaUS,_xlfn.AGGREGATE(15,6,ROW('[1]U$S'!$H$5:$H$1008)-ROW('[1]U$S'!$O$5)+1/--('[1]U$S'!$H$5:$H$1008=$L$5),ROWS($E$7:E160)),6))} | F160: =IF(E160="","",IF(E160>0,SUMIFS('[1]UY$'!$L$5:$L$993,'[1]UY$'!$O$5:$O$993,"Cambio",'[1]UY$'!$E$5:$E$993,'Efecto TC'!D160),"")) | G160: =IF(F160="","",F160/E160) | H160: =IF(E160="","",F160/$F$2-F160/G160) | I160: =IF(H160="","",+H160+I159) | R160: =E160/$E$1001 -> #VALUE! | S160: =R160*G154 -> #VALUE!
...
